product_id,product_name,category,price,competitor_price,discount,day_of_week,inventory_level,units_sold,demand_score,revenue,inventory,true_demand,date,is_weekend
P06,Eggs,Dairy,68.69,77.7,14.64,Friday,70,53,0.66,3915.33,53,57,2024-01-01,0
P10,Biscuits,Snacks,77.96,69.96,9.18,Thursday,33,22,0.69,1715.12,31,22,2024-01-02,0
P05,Chips,Snacks,27.33,31.77,18.77,Wednesday,11,5,0.41,136.64999999999998,9,5,2024-01-03,0
P01,Milk,Dairy,43.84,39.92,10.5,Tuesday,98,48,0.47,2104.32,48,48,2024-01-04,0
P07,Tea,Beverages,99.54,92.33,5.84,Monday,89,35,0.44,3782.5200000000004,35,38,2024-01-05,0
P02,Bread,Bakery,31.78,34.15,7.65,Friday,73,46,0.58,1461.88,56,46,2024-01-06,1
P09,Shampoo,Personal Care,131.79,135.4,9.01,Sunday,27,22,0.87,3426.54,22,26,2024-01-07,1
P09,Shampoo,Personal Care,145.53,151.7,6.09,Wednesday,62,30,0.44,4365.9,38,30,2024-01-08,0
P03,Soap,Household,51.33,55.0,12.2,Sunday,17,6,0.32,307.98,18,6,2024-01-09,0
P04,Rice,Grains,138.21,133.39,13.25,Saturday,11,6,0.56,829.26,6,6,2024-01-10,0
P04,Rice,Grains,47.03,48.38,0.63,Monday,27,21,0.77,987.63,21,21,2024-01-11,0
P07,Tea,Beverages,142.13,150.03,11.96,Wednesday,57,34,0.5,4832.42,47,34,2024-01-12,0
P02,Bread,Bakery,94.16,94.58,19.22,Monday,94,59,0.53,5555.44,69,59,2024-01-13,1
P01,Milk,Dairy,55.28,61.85,7.14,Tuesday,69,42,0.63,2708.7200000000003,42,49,2024-01-14,1
P02,Bread,Bakery,38.32,44.36,1.49,Wednesday,80,44,0.55,1801.04,44,47,2024-01-15,0
P10,Biscuits,Snacks,71.33,67.2,0.28,Friday,90,63,0.73,4493.79,76,63,2024-01-16,0
P08,Sugar,Grains,122.72,124.84,18.53,Thursday,50,43,0.85,6258.72,43,51,2024-01-17,0
P10,Biscuits,Snacks,130.51,129.5,1.91,Tuesday,32,22,0.7,2871.22,33,22,2024-01-18,0
P07,Tea,Beverages,106.57,108.4,5.49,Tuesday,44,27,0.58,2877.39,37,27,2024-01-19,0
P03,Soap,Household,35.55,39.81,15.22,Thursday,99,43,0.44,1848.6,43,52,2024-01-20,1
P10,Biscuits,Snacks,53.29,44.1,14.21,Friday,99,32,0.32,1705.28,45,32,2024-01-21,1
P06,Eggs,Dairy,34.03,24.66,12.73,Friday,61,39,0.64,1327.17,40,39,2024-01-22,0
P02,Bread,Bakery,110.42,103.21,12.09,Friday,24,13,0.75,1987.56,13,18,2024-01-23,0
P07,Tea,Beverages,49.74,41.28,5.8,Sunday,95,67,0.83,3780.2400000000002,67,76,2024-01-24,0
P06,Eggs,Dairy,101.17,97.08,2.11,Sunday,37,28,0.78,2832.76,38,28,2024-01-25,0
P01,Milk,Dairy,44.25,52.1,10.79,Monday,98,47,0.49,2522.25,47,57,2024-01-26,0
P03,Soap,Household,34.31,28.87,8.54,Monday,86,72,0.82,2470.32,73,72,2024-01-27,1
P05,Chips,Snacks,20.9,21.11,8.35,Monday,46,35,0.72,731.5,46,35,2024-01-28,1
P04,Rice,Grains,55.02,49.9,3.37,Thursday,41,24,0.61,1320.48,25,24,2024-01-29,0
P10,Biscuits,Snacks,111.39,108.66,19.44,Thursday,61,31,0.45,3453.09,45,31,2024-01-30,0
P01,Milk,Dairy,110.52,114.77,2.96,Saturday,65,22,0.32,2431.44,28,22,2024-01-31,0
P03,Soap,Household,99.24,99.29,1.03,Monday,10,3,0.44,396.96,3,4,2024-02-01,0
P02,Bread,Bakery,38.84,38.63,19.71,Saturday,41,32,0.66,1242.88,37,32,2024-02-02,0
P10,Biscuits,Snacks,30.51,27.9,4.84,Saturday,47,24,0.52,732.24,28,24,2024-02-03,1
P08,Sugar,Grains,102.2,104.87,10.72,Wednesday,25,22,0.8,2248.4,26,22,2024-02-04,1
P05,Chips,Snacks,61.7,55.43,0.82,Friday,29,13,0.5,802.1,21,13,2024-02-05,0
P01,Milk,Dairy,48.63,52.85,16.19,Friday,29,24,0.69,1167.1200000000001,25,24,2024-02-06,0
P08,Sugar,Grains,42.67,46.49,7.73,Thursday,91,81,0.8,3456.27,93,81,2024-02-07,0
P02,Bread,Bakery,107.84,112.54,4.18,Sunday,40,36,0.83,3882.2400000000002,45,36,2024-02-08,0
P01,Milk,Dairy,53.53,56.73,16.34,Sunday,69,38,0.46,2034.14,52,38,2024-02-09,0
P09,Shampoo,Personal Care,149.51,158.82,11.17,Sunday,41,25,0.68,4933.83,25,33,2024-02-10,1
P02,Bread,Bakery,64.07,61.05,14.52,Monday,12,4,0.81,640.6999999999999,4,10,2024-02-11,1
P10,Biscuits,Snacks,72.59,80.35,17.02,Wednesday,81,78,0.77,5662.02,86,78,2024-02-12,0
P06,Eggs,Dairy,106.97,108.58,7.45,Friday,98,70,0.7,7915.78,70,74,2024-02-13,0
P01,Milk,Dairy,20.66,13.88,10.97,Tuesday,63,37,0.57,764.42,47,37,2024-02-14,0
P09,Shampoo,Personal Care,149.28,142.8,0.36,Monday,23,8,0.5,1492.8,8,10,2024-02-15,0
P08,Sugar,Grains,117.04,120.03,16.98,Wednesday,26,11,0.48,1755.6000000000001,11,15,2024-02-16,0
P10,Biscuits,Snacks,90.53,90.71,12.73,Wednesday,31,15,0.45,1357.95,22,15,2024-02-17,1
P09,Shampoo,Personal Care,146.49,144.35,17.84,Monday,36,16,0.56,3369.2700000000004,16,23,2024-02-18,1
P05,Chips,Snacks,65.51,68.41,13.38,Tuesday,78,40,0.44,2620.4,54,40,2024-02-19,0
P06,Eggs,Dairy,84.9,86.34,15.37,Monday,26,27,0.9,2292.3,30,27,2024-02-20,0
P06,Eggs,Dairy,81.09,76.68,17.67,Saturday,46,44,0.86,3567.96,51,44,2024-02-21,0
P07,Tea,Beverages,75.66,84.99,19.27,Monday,72,43,0.48,3404.7,43,45,2024-02-22,0
P06,Eggs,Dairy,44.82,40.19,9.71,Monday,27,17,0.63,761.94,27,17,2024-02-23,0
P07,Tea,Beverages,141.7,145.62,11.4,Wednesday,33,7,0.43,2267.2,7,16,2024-02-24,1
P08,Sugar,Grains,107.25,104.42,5.08,Tuesday,11,5,0.49,536.25,14,5,2024-02-25,1
P09,Shampoo,Personal Care,130.33,123.06,14.18,Wednesday,48,24,0.48,3127.92,28,24,2024-02-26,0
P04,Rice,Grains,125.22,131.42,17.34,Wednesday,22,5,0.35,1126.98,5,9,2024-02-27,0
P05,Chips,Snacks,20.67,23.23,3.89,Tuesday,17,13,0.72,268.71000000000004,14,13,2024-02-28,0
P06,Eggs,Dairy,123.45,131.25,6.76,Wednesday,75,45,0.56,5925.6,45,48,2024-02-29,0
P07,Tea,Beverages,107.36,103.92,3.1,Tuesday,71,33,0.47,3542.88,37,33,2024-03-01,0
P09,Shampoo,Personal Care,96.81,87.42,0.75,Wednesday,79,26,0.48,3291.54,26,34,2024-03-02,1
P05,Chips,Snacks,89.82,86.35,16.56,Friday,69,33,0.43,2964.06,36,33,2024-03-03,1
P03,Soap,Household,100.98,92.69,1.03,Thursday,56,37,0.72,3736.26,43,37,2024-03-04,0
P06,Eggs,Dairy,37.99,30.64,19.39,Tuesday,39,6,0.32,493.87,6,13,2024-03-05,0
P02,Bread,Bakery,71.85,70.52,14.88,Friday,99,35,0.32,2514.75,42,35,2024-03-06,0
P10,Biscuits,Snacks,145.14,151.86,13.92,Friday,10,1,0.4,580.56,1,4,2024-03-07,0
P03,Soap,Household,40.34,35.34,10.98,Tuesday,57,17,0.41,968.1600000000001,17,24,2024-03-08,0
P02,Bread,Bakery,141.5,144.27,10.33,Monday,73,43,0.63,7358.0,43,52,2024-03-09,1
P03,Soap,Household,99.52,97.91,4.95,Saturday,25,5,0.4,995.1999999999999,5,10,2024-03-10,1
P01,Milk,Dairy,35.62,32.46,1.84,Tuesday,56,17,0.32,605.54,28,17,2024-03-11,0
P08,Sugar,Grains,131.21,135.28,9.48,Tuesday,99,84,0.76,11152.85,84,85,2024-03-12,0
P06,Eggs,Dairy,124.9,121.83,9.29,Friday,32,4,0.33,1373.9,4,11,2024-03-13,0
P05,Chips,Snacks,143.39,151.12,5.22,Thursday,19,14,0.68,2007.4599999999998,25,14,2024-03-14,0
P01,Milk,Dairy,85.41,92.54,13.17,Tuesday,13,10,0.67,854.0999999999999,17,10,2024-03-15,0
P04,Rice,Grains,142.71,151.6,17.34,Wednesday,41,45,0.86,6421.950000000001,46,45,2024-03-16,1
P10,Biscuits,Snacks,94.81,92.57,12.87,Monday,42,27,0.79,3413.16,27,36,2024-03-17,1
P07,Tea,Beverages,126.68,129.2,16.41,Sunday,49,48,0.84,6207.320000000001,48,49,2024-03-18,0
P07,Tea,Beverages,45.45,36.84,2.02,Wednesday,11,0,0.32,136.35000000000002,0,3,2024-03-19,0
P08,Sugar,Grains,100.37,97.1,13.11,Wednesday,35,27,0.71,2709.9900000000002,30,27,2024-03-20,0
P01,Milk,Dairy,64.28,59.49,9.92,Wednesday,67,50,0.72,3214.0,55,50,2024-03-21,0
P08,Sugar,Grains,101.76,109.31,14.7,Thursday,30,32,0.88,3256.32,36,32,2024-03-22,0
P02,Bread,Bakery,91.24,89.71,11.37,Monday,58,44,0.74,4288.28,44,47,2024-03-23,1
P04,Rice,Grains,36.6,31.6,11.61,Friday,32,29,0.86,1061.4,32,29,2024-03-24,1
P05,Chips,Snacks,131.59,130.17,15.02,Thursday,98,48,0.44,6316.32,60,48,2024-03-25,0
P08,Sugar,Grains,69.1,69.79,9.93,Tuesday,98,53,0.49,3662.2999999999997,67,53,2024-03-26,0
P07,Tea,Beverages,136.42,134.2,0.22,Sunday,28,6,0.35,1227.78,6,9,2024-03-27,0
P03,Soap,Household,61.51,70.51,19.01,Saturday,92,71,0.6,4367.21,81,71,2024-03-28,0
P09,Shampoo,Personal Care,30.83,22.66,12.05,Tuesday,61,43,0.7,1325.6899999999998,48,43,2024-03-29,0
P02,Bread,Bakery,117.81,123.64,15.79,Saturday,62,45,0.6,5301.45,47,45,2024-03-30,1
P08,Sugar,Grains,27.48,28.47,8.83,Wednesday,96,66,0.63,1813.68,73,66,2024-03-31,1
P08,Sugar,Grains,111.76,121.13,13.76,Monday,67,55,0.67,6146.8,59,55,2024-04-01,0
P05,Chips,Snacks,33.15,24.83,14.02,Friday,51,28,0.54,928.1999999999999,38,28,2024-04-02,0
P03,Soap,Household,135.95,128.88,10.27,Wednesday,47,42,0.89,5709.9,55,42,2024-04-03,0
P02,Bread,Bakery,68.66,66.07,16.26,Sunday,80,80,0.89,5492.799999999999,94,80,2024-04-04,0
P09,Shampoo,Personal Care,117.94,115.47,1.67,Thursday,70,36,0.53,4245.84,38,36,2024-04-05,0
P07,Tea,Beverages,111.66,106.63,6.61,Thursday,76,32,0.45,3796.44,32,34,2024-04-06,1
P04,Rice,Grains,72.68,74.11,14.82,Wednesday,81,34,0.37,2471.1200000000003,38,34,2024-04-07,1
P07,Tea,Beverages,104.4,109.32,11.67,Saturday,71,44,0.54,4593.6,46,44,2024-04-08,0
P10,Biscuits,Snacks,82.1,73.76,10.57,Saturday,15,1,0.78,903.0999999999999,1,11,2024-04-09,0
P01,Milk,Dairy,147.13,148.25,6.45,Friday,89,59,0.62,8680.67,73,59,2024-04-10,0
P05,Chips,Snacks,149.09,140.57,11.08,Wednesday,29,6,0.35,1490.9,6,10,2024-04-11,0
P08,Sugar,Grains,41.61,35.95,5.89,Monday,10,4,0.68,249.66,4,6,2024-04-12,0
P09,Shampoo,Personal Care,95.96,103.98,0.91,Friday,21,20,0.88,1919.1999999999998,33,20,2024-04-13,1
P06,Eggs,Dairy,27.52,25.41,2.14,Saturday,17,0,0.4,165.12,0,6,2024-04-14,1
P10,Biscuits,Snacks,104.09,101.86,4.59,Monday,37,13,0.35,1353.17,14,13,2024-04-15,0
P09,Shampoo,Personal Care,146.67,156.39,13.96,Wednesday,26,12,0.47,2200.0499999999997,12,15,2024-04-16,0
P04,Rice,Grains,73.46,75.52,5.42,Thursday,22,20,0.85,1469.1999999999998,33,20,2024-04-17,0
P08,Sugar,Grains,126.93,135.93,14.51,Monday,56,59,0.85,7488.870000000001,59,59,2024-04-18,0
P03,Soap,Household,30.76,38.29,11.03,Thursday,14,5,0.32,153.8,13,5,2024-04-19,0
P10,Biscuits,Snacks,68.94,75.15,19.75,Thursday,58,39,0.53,2688.66,45,39,2024-04-20,1
P10,Biscuits,Snacks,117.45,115.31,16.58,Saturday,58,49,0.8,6107.400000000001,49,52,2024-04-21,1
P03,Soap,Household,80.93,79.23,5.47,Wednesday,64,46,0.82,4370.22,46,54,2024-04-22,0
P01,Milk,Dairy,125.68,135.67,19.93,Sunday,62,45,0.65,6661.04,45,53,2024-04-23,0
P01,Milk,Dairy,114.4,119.54,7.56,Thursday,94,50,0.57,6864.0,50,60,2024-04-24,0
P06,Eggs,Dairy,36.79,45.87,12.12,Saturday,71,66,0.83,2648.88,66,72,2024-04-25,0
P01,Milk,Dairy,118.41,109.35,5.37,Thursday,48,31,0.7,3789.12,31,32,2024-04-26,0
P10,Biscuits,Snacks,87.64,93.09,10.4,Sunday,21,15,0.79,1665.16,15,19,2024-04-27,1
P01,Milk,Dairy,145.84,137.61,15.84,Tuesday,26,8,0.38,1458.4,8,10,2024-04-28,1
P06,Eggs,Dairy,23.74,28.84,12.41,Friday,75,65,0.78,1638.06,65,69,2024-04-29,0
P05,Chips,Snacks,137.41,139.76,19.61,Wednesday,59,44,0.65,6320.86,44,46,2024-04-30,0
P03,Soap,Household,70.99,69.74,18.08,Monday,61,41,0.63,3123.56,41,44,2024-05-01,0
P10,Biscuits,Snacks,78.62,86.83,5.96,Monday,60,49,0.72,3852.38,50,49,2024-05-02,0
P07,Tea,Beverages,123.54,122.73,16.84,Friday,26,4,0.45,1606.02,4,13,2024-05-03,0
P02,Bread,Bakery,79.69,89.29,9.85,Monday,86,34,0.43,3506.3599999999997,34,44,2024-05-04,1
P02,Bread,Bakery,95.35,92.18,10.75,Thursday,32,13,0.38,1239.55,18,13,2024-05-05,1
P09,Shampoo,Personal Care,39.75,32.53,12.82,Thursday,13,6,0.51,238.5,18,6,2024-05-06,0
P07,Tea,Beverages,136.58,136.06,13.35,Thursday,59,43,0.66,5872.9400000000005,55,43,2024-05-07,0
P01,Milk,Dairy,49.1,55.54,6.9,Saturday,51,23,0.41,1129.3,36,23,2024-05-08,0
P04,Rice,Grains,31.53,23.94,9.22,Tuesday,99,77,0.84,2616.9900000000002,77,83,2024-05-09,0
P10,Biscuits,Snacks,36.74,33.34,6.43,Sunday,35,20,0.78,1028.72,20,28,2024-05-10,0
P06,Eggs,Dairy,101.63,93.27,17.47,Friday,72,41,0.53,4166.83,42,41,2024-05-11,1
P04,Rice,Grains,20.34,27.71,1.69,Monday,61,25,0.43,569.52,25,28,2024-05-12,1
P01,Milk,Dairy,68.16,67.85,12.37,Saturday,96,66,0.62,4498.5599999999995,77,66,2024-05-13,0
P05,Chips,Snacks,113.67,104.92,2.95,Sunday,16,2,0.71,1136.7,2,10,2024-05-14,0
P04,Rice,Grains,129.78,134.77,0.61,Saturday,27,6,0.57,2076.48,6,16,2024-05-15,0
P03,Soap,Household,89.24,84.09,5.38,Sunday,37,3,0.31,981.64,3,11,2024-05-16,0
P08,Sugar,Grains,61.87,56.1,6.55,Friday,53,17,0.44,1423.01,17,23,2024-05-17,0
P08,Sugar,Grains,64.58,64.06,7.1,Sunday,27,10,0.35,645.8,14,10,2024-05-18,1
P08,Sugar,Grains,89.82,91.56,14.91,Monday,92,57,0.53,5119.74,60,57,2024-05-19,1
P05,Chips,Snacks,63.87,71.86,12.15,Monday,68,34,0.51,2682.54,34,42,2024-05-20,0
P02,Bread,Bakery,148.25,150.37,4.74,Tuesday,31,4,0.44,2075.5,4,14,2024-05-21,0
P02,Bread,Bakery,67.5,67.26,17.02,Thursday,71,32,0.47,2565.0,32,38,2024-05-22,0
P06,Eggs,Dairy,42.54,50.48,1.6,Friday,40,24,0.55,1020.96,36,24,2024-05-23,0
P09,Shampoo,Personal Care,147.71,139.95,7.96,Thursday,84,68,0.82,10044.28,71,68,2024-05-24,0
P06,Eggs,Dairy,126.22,121.38,3.42,Friday,60,42,0.79,5806.12,42,46,2024-05-25,1
P02,Bread,Bakery,113.4,114.1,9.53,Thursday,54,43,0.76,5103.0,43,45,2024-05-26,1
P07,Tea,Beverages,44.32,40.79,8.51,Thursday,29,13,0.45,576.16,17,13,2024-05-27,0
P07,Tea,Beverages,34.93,37.14,5.77,Tuesday,46,29,0.6,1012.97,33,29,2024-05-28,0
P08,Sugar,Grains,141.16,137.57,11.88,Wednesday,15,7,0.5,1129.28,7,8,2024-05-29,0
P10,Biscuits,Snacks,37.47,28.74,19.8,Wednesday,22,17,0.71,636.99,19,17,2024-05-30,0
P04,Rice,Grains,31.42,24.2,0.05,Sunday,18,11,0.66,345.62,19,11,2024-05-31,0
P06,Eggs,Dairy,81.3,79.54,6.98,Thursday,58,45,0.81,3983.7,45,49,2024-06-01,1
P10,Biscuits,Snacks,116.98,115.15,18.66,Tuesday,84,84,0.86,9826.32,90,84,2024-06-02,1
P04,Rice,Grains,43.56,34.89,14.82,Friday,31,10,0.33,435.6,19,10,2024-06-03,0
P04,Rice,Grains,121.6,128.16,15.01,Wednesday,69,26,0.4,4012.7999999999997,26,33,2024-06-04,0
P09,Shampoo,Personal Care,41.35,47.64,13.3,Tuesday,35,29,0.84,1447.25,29,35,2024-06-05,0
P06,Eggs,Dairy,61.11,62.88,13.66,Tuesday,81,52,0.56,3177.72,64,52,2024-06-06,0
P09,Shampoo,Personal Care,69.0,68.25,6.03,Monday,32,14,0.56,1242.0,14,18,2024-06-07,0
P03,Soap,Household,95.07,92.18,7.83,Wednesday,75,49,0.63,4658.429999999999,51,49,2024-06-08,1
P07,Tea,Beverages,137.84,140.32,2.34,Tuesday,15,7,0.5,964.88,11,7,2024-06-09,1
P02,Bread,Bakery,114.97,118.84,3.33,Wednesday,38,24,0.6,2759.2799999999997,24,24,2024-06-10,0
P07,Tea,Beverages,116.39,117.85,19.95,Friday,66,32,0.49,4539.21,32,39,2024-06-11,0
P10,Biscuits,Snacks,52.3,57.18,0.67,Tuesday,95,73,0.73,3817.8999999999996,75,73,2024-06-12,0
P08,Sugar,Grains,84.22,89.31,2.06,Wednesday,22,4,0.37,673.76,4,8,2024-06-13,0
P06,Eggs,Dairy,130.04,122.59,7.95,Friday,38,23,0.62,2990.9199999999996,31,23,2024-06-14,0
P01,Milk,Dairy,83.23,81.41,15.44,Sunday,36,27,0.68,2247.21,38,27,2024-06-15,1
P10,Biscuits,Snacks,110.21,111.06,5.04,Sunday,78,57,0.8,7273.86,57,66,2024-06-16,1
P01,Milk,Dairy,144.68,141.53,4.55,Saturday,32,17,0.58,2604.2400000000002,17,18,2024-06-17,0
P07,Tea,Beverages,143.15,136.22,11.72,Tuesday,71,26,0.36,3721.9,28,26,2024-06-18,0
P07,Tea,Beverages,53.28,57.8,11.86,Tuesday,77,69,0.77,3676.32,83,69,2024-06-19,0
P02,Bread,Bakery,22.99,26.02,15.42,Sunday,40,31,0.66,712.6899999999999,41,31,2024-06-20,0
P01,Milk,Dairy,75.14,79.87,18.69,Friday,95,95,0.85,7514.0,95,100,2024-06-21,0
P01,Milk,Dairy,35.97,30.69,3.31,Monday,45,16,0.37,575.52,17,16,2024-06-22,1
P04,Rice,Grains,139.71,147.11,10.38,Saturday,49,38,0.66,5308.9800000000005,39,38,2024-06-23,1
P01,Milk,Dairy,69.31,74.19,4.11,Saturday,66,21,0.3,1455.51,30,21,2024-06-24,0
P01,Milk,Dairy,63.35,61.31,10.75,Saturday,84,77,0.85,4877.95,77,77,2024-06-25,0
P07,Tea,Beverages,80.54,80.16,18.37,Friday,52,19,0.32,1530.2600000000002,31,19,2024-06-26,0
P01,Milk,Dairy,138.66,133.62,11.55,Friday,61,35,0.55,4853.099999999999,49,35,2024-06-27,0
P10,Biscuits,Snacks,138.93,136.18,11.61,Saturday,31,10,0.43,1945.02,10,14,2024-06-28,0
P02,Bread,Bakery,47.65,47.95,19.51,Sunday,58,33,0.63,2048.95,33,43,2024-06-29,1
P02,Bread,Bakery,131.88,132.58,3.69,Thursday,80,45,0.66,7253.4,45,55,2024-06-30,1
P05,Chips,Snacks,28.72,33.72,4.2,Monday,92,51,0.51,1464.72,65,51,2024-07-01,0
P04,Rice,Grains,80.87,83.37,7.55,Sunday,25,17,0.64,1374.79,31,17,2024-07-02,0
P04,Rice,Grains,28.54,34.05,9.07,Monday,75,53,0.62,1512.62,62,53,2024-07-03,0
P01,Milk,Dairy,82.54,82.48,15.31,Friday,13,6,0.41,495.24,8,6,2024-07-04,0
P03,Soap,Household,132.03,140.95,7.47,Thursday,83,79,0.84,10694.43,79,81,2024-07-05,0
P03,Soap,Household,88.46,94.47,19.58,Tuesday,41,29,0.73,3273.02,29,37,2024-07-06,1
P06,Eggs,Dairy,105.66,96.2,4.44,Sunday,97,34,0.42,4015.08,34,38,2024-07-07,1
P04,Rice,Grains,85.72,87.62,6.79,Friday,76,63,0.83,5828.96,63,68,2024-07-08,0
P10,Biscuits,Snacks,92.37,96.79,16.11,Wednesday,97,82,0.73,7851.450000000001,82,85,2024-07-09,0
P01,Milk,Dairy,131.24,137.84,7.94,Monday,46,18,0.38,2624.8,18,20,2024-07-10,0
P09,Shampoo,Personal Care,72.83,69.31,1.74,Sunday,83,22,0.35,2039.24,22,28,2024-07-11,0
P06,Eggs,Dairy,47.03,37.56,3.63,Wednesday,45,19,0.69,1363.8700000000001,19,29,2024-07-12,0
P07,Tea,Beverages,111.51,119.72,12.5,Thursday,20,11,0.46,1226.6100000000001,19,11,2024-07-13,1
P09,Shampoo,Personal Care,69.36,71.17,5.36,Saturday,14,6,0.51,485.52,6,7,2024-07-14,1
P09,Shampoo,Personal Care,120.6,117.86,17.22,Thursday,95,83,0.77,10009.8,84,83,2024-07-15,0
P02,Bread,Bakery,34.85,36.17,19.71,Thursday,96,90,0.78,3136.5,103,90,2024-07-16,0
P10,Biscuits,Snacks,75.28,65.73,5.37,Sunday,49,33,0.72,2484.2400000000002,37,33,2024-07-17,0
P05,Chips,Snacks,72.33,66.69,12.9,Saturday,13,5,0.38,361.65,16,5,2024-07-18,0
P08,Sugar,Grains,137.07,140.89,13.66,Wednesday,79,79,0.85,10828.529999999999,92,79,2024-07-19,0
P10,Biscuits,Snacks,35.31,36.84,5.48,Friday,26,13,0.54,529.6500000000001,13,15,2024-07-20,1
P10,Biscuits,Snacks,84.67,89.07,2.13,Monday,95,38,0.38,3217.46,47,38,2024-07-21,1
P03,Soap,Household,137.0,144.48,11.95,Sunday,21,17,0.68,2329.0,23,17,2024-07-22,0
P09,Shampoo,Personal Care,84.26,85.73,16.76,Saturday,94,59,0.53,4971.34,65,59,2024-07-23,0
P05,Chips,Snacks,87.46,78.4,3.33,Monday,74,24,0.35,2099.04,33,24,2024-07-24,0
P03,Soap,Household,98.41,93.32,7.79,Tuesday,49,28,0.56,2755.48,29,28,2024-07-25,0
P07,Tea,Beverages,139.02,143.45,12.21,Monday,63,39,0.59,5977.860000000001,39,43,2024-07-26,0
P10,Biscuits,Snacks,106.28,115.02,14.65,Tuesday,42,15,0.46,2550.7200000000003,15,24,2024-07-27,1
P10,Biscuits,Snacks,90.18,83.42,16.83,Saturday,90,50,0.6,5230.4400000000005,50,58,2024-07-28,1
P02,Bread,Bakery,97.59,94.27,15.42,Tuesday,82,32,0.35,3122.88,38,32,2024-07-29,0
P04,Rice,Grains,114.66,114.57,13.77,Friday,51,27,0.58,3783.7799999999997,27,33,2024-07-30,0
P04,Rice,Grains,29.87,21.43,0.05,Friday,60,25,0.46,746.75,31,25,2024-07-31,0
P05,Chips,Snacks,96.73,93.95,1.83,Monday,58,21,0.38,2031.3300000000002,34,21,2024-08-01,0
P02,Bread,Bakery,143.53,142.45,3.7,Tuesday,71,63,0.87,9042.39,69,63,2024-08-02,0
P08,Sugar,Grains,118.59,121.37,15.18,Thursday,89,85,0.81,10080.15,91,85,2024-08-03,1
P01,Milk,Dairy,52.46,52.25,4.42,Thursday,35,3,0.33,629.52,3,12,2024-08-04,1
P07,Tea,Beverages,107.09,97.97,11.77,Monday,26,1,0.41,1070.9,1,10,2024-08-05,0
P05,Chips,Snacks,93.83,102.14,0.68,Wednesday,16,8,0.48,750.64,19,8,2024-08-06,0
P06,Eggs,Dairy,140.17,149.59,18.89,Friday,91,88,0.75,12334.96,100,88,2024-08-07,0
P08,Sugar,Grains,27.13,26.23,10.45,Saturday,26,13,0.69,515.47,13,19,2024-08-08,0
P04,Rice,Grains,67.41,68.62,9.62,Sunday,12,0,0.72,606.6899999999999,0,9,2024-08-09,0
P03,Soap,Household,64.18,68.68,1.31,Thursday,24,9,0.78,1219.42,9,19,2024-08-10,1
P06,Eggs,Dairy,89.99,93.22,14.76,Tuesday,42,41,0.83,3689.5899999999997,49,41,2024-08-11,1
P09,Shampoo,Personal Care,100.06,94.72,0.49,Sunday,51,34,0.89,4302.58,34,43,2024-08-12,0
P02,Bread,Bakery,20.03,13.74,7.68,Monday,48,15,0.31,300.45000000000005,25,15,2024-08-13,0
P06,Eggs,Dairy,26.85,18.62,0.75,Friday,66,39,0.65,1047.15,40,39,2024-08-14,0
P03,Soap,Household,55.32,53.29,1.83,Wednesday,93,63,0.74,3761.76,63,68,2024-08-15,0
P09,Shampoo,Personal Care,51.04,43.25,7.09,Sunday,39,31,0.81,1582.24,43,31,2024-08-16,0
P10,Biscuits,Snacks,113.02,114.8,5.55,Sunday,62,52,0.89,6668.179999999999,52,59,2024-08-17,1
P04,Rice,Grains,75.61,73.3,13.59,Saturday,21,20,0.87,1512.2,32,20,2024-08-18,1
P08,Sugar,Grains,123.74,118.92,11.77,Wednesday,48,42,0.83,5197.08,42,42,2024-08-19,0
P04,Rice,Grains,142.82,142.17,12.27,Monday,34,28,0.75,3998.96,41,28,2024-08-20,0
P07,Tea,Beverages,28.45,26.48,16.76,Tuesday,63,47,0.66,1337.1499999999999,53,47,2024-08-21,0
P07,Tea,Beverages,86.65,81.26,3.53,Wednesday,99,26,0.32,2686.15,26,31,2024-08-22,0
P05,Chips,Snacks,144.45,150.97,16.02,Friday,63,68,0.88,9822.599999999999,81,68,2024-08-23,0
P05,Chips,Snacks,134.89,143.45,19.9,Thursday,70,35,0.46,5530.49,35,41,2024-08-24,1
P01,Milk,Dairy,86.98,86.8,19.93,Tuesday,12,11,0.79,956.7800000000001,20,11,2024-08-25,1
P02,Bread,Bakery,49.18,43.66,10.74,Friday,82,63,0.84,3540.96,63,72,2024-08-26,0
P07,Tea,Beverages,131.82,130.97,7.82,Friday,38,28,0.83,4350.0599999999995,28,33,2024-08-27,0
P04,Rice,Grains,144.23,151.47,16.19,Thursday,49,52,0.86,7499.959999999999,63,52,2024-08-28,0
P01,Milk,Dairy,115.58,111.21,5.05,Thursday,47,21,0.46,2427.18,21,21,2024-08-29,0
P04,Rice,Grains,114.04,113.96,1.62,Friday,69,25,0.37,2851.0,30,25,2024-08-30,0
P01,Milk,Dairy,136.28,146.11,1.23,Monday,54,35,0.59,4769.8,40,35,2024-08-31,1
P10,Biscuits,Snacks,97.01,103.5,6.96,Friday,49,25,0.64,3395.3500000000004,25,35,2024-09-01,1
P10,Biscuits,Snacks,54.71,62.28,15.95,Monday,49,25,0.45,1477.17,25,27,2024-09-02,0
P09,Shampoo,Personal Care,40.45,33.66,6.68,Tuesday,54,33,0.72,1537.1000000000001,33,38,2024-09-03,0
P02,Bread,Bakery,108.42,110.79,15.05,Sunday,16,15,0.83,1626.3,20,15,2024-09-04,0
P09,Shampoo,Personal Care,144.97,144.28,17.58,Thursday,51,14,0.38,3189.34,14,22,2024-09-05,0
P03,Soap,Household,63.57,68.44,3.22,Wednesday,11,9,0.8,572.13,18,9,2024-09-06,0
P07,Tea,Beverages,85.97,76.1,5.74,Wednesday,55,19,0.5,2235.22,19,26,2024-09-07,1
P09,Shampoo,Personal Care,92.78,85.1,7.53,Sunday,73,44,0.62,4082.32,52,44,2024-09-08,1
P08,Sugar,Grains,121.38,113.52,15.22,Friday,83,41,0.56,5947.62,41,49,2024-09-09,0
P01,Milk,Dairy,129.22,127.06,3.59,Wednesday,46,16,0.36,2067.52,24,16,2024-09-10,0
P05,Chips,Snacks,141.84,145.6,1.36,Friday,73,55,0.72,7801.2,64,55,2024-09-11,0
P04,Rice,Grains,28.76,30.4,6.92,Friday,99,32,0.34,1035.3600000000001,32,36,2024-09-12,0
P09,Shampoo,Personal Care,130.81,140.61,13.52,Monday,85,79,0.75,10333.99,88,79,2024-09-13,0
P01,Milk,Dairy,36.91,42.08,0.49,Monday,20,14,0.79,590.56,14,16,2024-09-14,1
P01,Milk,Dairy,68.34,74.72,5.05,Monday,96,51,0.57,4168.74,51,61,2024-09-15,1
P01,Milk,Dairy,55.57,65.51,8.52,Friday,22,18,0.81,1166.97,18,21,2024-09-16,0
P04,Rice,Grains,88.51,95.03,5.97,Friday,41,12,0.35,1416.16,12,16,2024-09-17,0
P06,Eggs,Dairy,108.46,111.55,5.47,Wednesday,90,86,0.88,9327.56,93,86,2024-09-18,0
P02,Bread,Bakery,24.07,28.7,18.19,Sunday,68,70,0.88,1757.1100000000001,70,73,2024-09-19,0
P08,Sugar,Grains,118.81,117.66,6.24,Monday,67,49,0.84,7009.79,49,59,2024-09-20,0
P03,Soap,Household,49.89,44.15,0.62,Tuesday,34,23,0.73,1147.47,23,23,2024-09-21,1
P01,Milk,Dairy,93.16,92.59,10.86,Sunday,69,31,0.41,2887.96,45,31,2024-09-22,1
P10,Biscuits,Snacks,132.92,138.45,15.42,Saturday,55,41,0.62,5449.719999999999,55,41,2024-09-23,0
P10,Biscuits,Snacks,22.32,28.26,5.88,Wednesday,33,31,0.85,691.92,38,31,2024-09-24,0
P05,Chips,Snacks,100.16,106.09,9.63,Monday,87,66,0.66,6610.5599999999995,78,66,2024-09-25,0
P08,Sugar,Grains,98.95,93.9,11.17,Thursday,57,34,0.59,3463.25,34,35,2024-09-26,0
P07,Tea,Beverages,28.35,29.99,5.38,Tuesday,97,50,0.56,1644.3000000000002,50,58,2024-09-27,0
P05,Chips,Snacks,147.97,140.96,9.29,Wednesday,73,36,0.54,5918.8,36,40,2024-09-28,1
P01,Milk,Dairy,146.71,151.15,13.14,Saturday,98,94,0.82,13790.740000000002,99,94,2024-09-29,1
P10,Biscuits,Snacks,121.38,112.17,9.61,Saturday,97,37,0.39,4491.0599999999995,42,37,2024-09-30,0
P06,Eggs,Dairy,33.36,34.78,0.37,Wednesday,63,42,0.67,1401.12,56,42,2024-10-01,0
P01,Milk,Dairy,111.32,112.51,0.2,Saturday,11,6,0.62,667.92,15,6,2024-10-02,0
P07,Tea,Beverages,134.73,126.38,16.49,Friday,35,20,0.54,2694.6,26,20,2024-10-03,0
P10,Biscuits,Snacks,37.25,38.6,13.79,Wednesday,24,2,0.42,409.75,2,11,2024-10-04,0
P10,Biscuits,Snacks,41.77,33.86,12.73,Sunday,76,56,0.84,2756.82,56,66,2024-10-05,1
P05,Chips,Snacks,97.32,99.65,12.26,Thursday,50,41,0.73,3990.12,46,41,2024-10-06,1
P02,Bread,Bakery,133.23,137.51,16.03,Friday,71,57,0.67,7594.11,58,57,2024-10-07,0
P07,Tea,Beverages,82.97,86.19,11.06,Monday,15,7,0.79,1078.61,7,13,2024-10-08,0
P06,Eggs,Dairy,78.8,81.67,10.53,Sunday,23,3,0.35,709.1999999999999,3,9,2024-10-09,0
P03,Soap,Household,27.85,22.79,3.19,Wednesday,54,35,0.67,974.75,47,35,2024-10-10,0
P07,Tea,Beverages,62.77,62.17,14.89,Monday,62,47,0.7,3075.73,47,49,2024-10-11,0
P01,Milk,Dairy,84.77,85.88,14.38,Wednesday,31,15,0.5,1441.09,15,17,2024-10-12,1
P07,Tea,Beverages,90.52,90.39,1.63,Wednesday,44,11,0.43,1719.8799999999999,11,19,2024-10-13,1
P05,Chips,Snacks,74.39,68.46,16.81,Tuesday,58,52,0.82,3868.28,60,52,2024-10-14,0
P10,Biscuits,Snacks,114.53,119.38,8.51,Monday,13,10,0.74,1145.3,15,10,2024-10-15,0
P02,Bread,Bakery,119.8,119.9,10.87,Thursday,60,43,0.65,5151.4,48,43,2024-10-16,0
P09,Shampoo,Personal Care,77.02,81.53,9.73,Saturday,75,48,0.66,4313.12,48,56,2024-10-17,0
P04,Rice,Grains,123.08,126.18,19.84,Thursday,67,70,0.85,8615.6,79,70,2024-10-18,0
P05,Chips,Snacks,47.39,49.85,12.63,Saturday,24,12,0.44,568.6800000000001,25,12,2024-10-19,1
P03,Soap,Household,120.88,118.99,12.04,Sunday,51,24,0.44,2901.12,35,24,2024-10-20,1
P02,Bread,Bakery,146.28,139.9,17.09,Monday,50,24,0.45,3510.7200000000003,37,24,2024-10-21,0
P06,Eggs,Dairy,133.2,132.11,10.3,Sunday,98,64,0.7,9856.8,64,74,2024-10-22,0
P03,Soap,Household,32.38,35.42,6.24,Monday,37,18,0.45,582.84,31,18,2024-10-23,0
P03,Soap,Household,105.38,101.88,15.47,Wednesday,65,39,0.54,4109.82,48,39,2024-10-24,0
P09,Shampoo,Personal Care,50.81,45.5,17.67,Monday,23,12,0.5,609.72,12,12,2024-10-25,0
P06,Eggs,Dairy,78.34,81.73,2.92,Saturday,14,6,0.45,470.04,12,6,2024-10-26,1
P04,Rice,Grains,100.23,104.37,3.34,Saturday,93,50,0.53,5312.1900000000005,50,53,2024-10-27,1
P09,Shampoo,Personal Care,98.72,95.85,10.67,Saturday,58,43,0.81,4936.0,43,50,2024-10-28,0
P08,Sugar,Grains,124.74,126.45,17.37,Monday,70,21,0.32,3243.24,21,26,2024-10-29,0
P04,Rice,Grains,148.27,140.73,4.62,Wednesday,35,7,0.32,1482.7,7,10,2024-10-30,0
P10,Biscuits,Snacks,35.87,34.91,18.68,Friday,78,33,0.36,1183.7099999999998,42,33,2024-10-31,0
P03,Soap,Household,96.01,99.77,7.95,Sunday,97,69,0.71,7392.77,69,77,2024-11-01,0
P08,Sugar,Grains,22.26,18.72,19.46,Monday,48,31,0.57,690.0600000000001,36,31,2024-11-02,1
P06,Eggs,Dairy,87.03,86.81,13.34,Wednesday,93,39,0.38,3394.17,53,39,2024-11-03,1
P05,Chips,Snacks,37.25,30.12,18.8,Saturday,17,8,0.88,596.0,8,16,2024-11-04,0
P06,Eggs,Dairy,32.21,35.66,8.88,Monday,14,13,0.88,418.73,27,13,2024-11-05,0
P06,Eggs,Dairy,53.19,56.42,19.57,Wednesday,52,45,0.71,2393.5499999999997,52,45,2024-11-06,0
P09,Shampoo,Personal Care,84.63,86.99,17.38,Wednesday,85,37,0.37,3131.31,40,37,2024-11-07,0
P06,Eggs,Dairy,123.42,131.79,12.01,Thursday,40,33,0.7,4072.86,40,33,2024-11-08,0
P06,Eggs,Dairy,71.2,74.22,2.13,Tuesday,75,62,0.9,5055.2,62,71,2024-11-09,1
P09,Shampoo,Personal Care,26.27,35.81,8.14,Wednesday,57,50,0.75,1313.5,61,50,2024-11-10,1
P08,Sugar,Grains,31.76,27.53,2.18,Wednesday,13,0,0.7,254.08,0,8,2024-11-11,0
P07,Tea,Beverages,125.02,130.27,15.96,Tuesday,92,92,0.82,11501.84,97,92,2024-11-12,0
P05,Chips,Snacks,68.84,64.78,12.98,Thursday,94,47,0.49,3373.1600000000003,47,49,2024-11-13,0
P06,Eggs,Dairy,67.64,65.56,13.91,Tuesday,69,41,0.63,3246.7200000000003,41,48,2024-11-14,0
P10,Biscuits,Snacks,97.54,98.45,8.89,Saturday,99,60,0.65,6827.8,60,70,2024-11-15,0
P04,Rice,Grains,41.9,44.75,15.19,Saturday,18,4,0.53,460.9,4,11,2024-11-16,1
P01,Milk,Dairy,132.23,132.61,9.58,Thursday,35,4,0.37,1851.2199999999998,4,14,2024-11-17,1
P05,Chips,Snacks,39.37,39.9,4.92,Wednesday,24,13,0.54,511.80999999999995,16,13,2024-11-18,0
P02,Bread,Bakery,91.42,96.36,14.31,Monday,52,19,0.31,1736.98,29,19,2024-11-19,0
P01,Milk,Dairy,45.45,35.6,12.95,Monday,24,10,0.45,454.5,15,10,2024-11-20,0
P08,Sugar,Grains,140.51,131.72,18.69,Thursday,95,43,0.42,6041.929999999999,52,43,2024-11-21,0
P02,Bread,Bakery,41.62,43.97,10.46,Wednesday,36,35,0.86,1456.6999999999998,48,35,2024-11-22,0
P07,Tea,Beverages,89.19,90.81,1.79,Sunday,39,26,0.73,2586.5099999999998,26,29,2024-11-23,1
P04,Rice,Grains,55.44,53.71,2.44,Tuesday,84,27,0.37,1718.6399999999999,27,31,2024-11-24,1
P04,Rice,Grains,131.72,137.72,3.69,Saturday,72,20,0.36,3688.16,20,28,2024-11-25,0
P05,Chips,Snacks,93.75,88.88,19.26,Wednesday,77,30,0.35,2812.5,36,30,2024-11-26,0
P08,Sugar,Grains,126.05,123.52,10.53,Wednesday,56,42,0.87,6554.599999999999,42,52,2024-11-27,0
P05,Chips,Snacks,98.21,104.59,17.68,Tuesday,18,17,0.78,1669.57,22,17,2024-11-28,0
P01,Milk,Dairy,104.06,97.56,7.22,Tuesday,51,42,0.84,4370.52,43,42,2024-11-29,0
P09,Shampoo,Personal Care,65.94,60.68,15.61,Monday,59,47,0.74,3099.18,55,47,2024-11-30,1
P03,Soap,Household,130.65,134.08,16.19,Tuesday,28,22,0.67,2874.3,33,22,2024-12-01,1
P07,Tea,Beverages,78.73,80.46,3.36,Sunday,42,18,0.43,1417.14,30,18,2024-12-02,0
P05,Chips,Snacks,32.44,22.91,12.84,Sunday,80,51,0.63,1654.4399999999998,62,51,2024-12-03,0
P05,Chips,Snacks,50.15,47.97,11.89,Sunday,34,33,0.89,1654.95,36,33,2024-12-04,0
P10,Biscuits,Snacks,37.74,41.64,8.09,Friday,48,34,0.73,1471.8600000000001,34,39,2024-12-05,0
P01,Milk,Dairy,22.06,18.88,16.37,Saturday,77,58,0.73,1389.78,58,63,2024-12-06,0
P07,Tea,Beverages,95.19,90.67,1.59,Friday,45,18,0.42,1713.42,20,18,2024-12-07,1
P04,Rice,Grains,62.04,56.57,7.1,Friday,77,44,0.57,2729.7599999999998,52,44,2024-12-08,1
P04,Rice,Grains,128.14,131.53,1.4,Sunday,41,26,0.62,3331.6399999999994,37,26,2024-12-09,0
P10,Biscuits,Snacks,134.41,137.43,10.66,Friday,67,35,0.5,5107.58,35,38,2024-12-10,0
P01,Milk,Dairy,107.03,116.91,13.24,Saturday,90,91,0.9,10703.0,91,100,2024-12-11,0
P07,Tea,Beverages,78.03,74.7,11.61,Monday,67,62,0.87,4837.86,72,62,2024-12-12,0
P02,Bread,Bakery,42.79,46.59,4.02,Saturday,89,42,0.55,2225.08,42,52,2024-12-13,0
P10,Biscuits,Snacks,74.95,81.39,0.02,Saturday,25,18,0.7,1349.1000000000001,22,18,2024-12-14,1
P06,Eggs,Dairy,123.41,131.95,4.69,Friday,14,1,0.74,1357.51,1,11,2024-12-15,1
P07,Tea,Beverages,119.92,114.79,13.43,Sunday,93,61,0.67,8034.64,61,67,2024-12-16,0
P04,Rice,Grains,31.59,36.7,2.55,Friday,25,16,0.6,505.44,21,16,2024-12-17,0
P07,Tea,Beverages,40.71,31.97,2.35,Thursday,32,13,0.46,529.23,21,13,2024-12-18,0
P09,Shampoo,Personal Care,66.82,58.57,18.74,Tuesday,82,47,0.61,3608.2799999999997,47,54,2024-12-19,0
P07,Tea,Beverages,127.29,122.88,18.85,Saturday,91,55,0.61,8019.27,55,63,2024-12-20,0
P03,Soap,Household,139.52,139.46,19.84,Tuesday,21,21,0.86,2929.92,27,21,2024-12-21,1
P06,Eggs,Dairy,35.13,41.48,7.61,Thursday,97,68,0.62,2388.84,74,68,2024-12-22,1
P10,Biscuits,Snacks,113.78,106.61,4.24,Thursday,23,7,0.35,796.46,8,7,2024-12-23,0
P09,Shampoo,Personal Care,72.39,65.86,13.9,Saturday,91,84,0.87,6080.76,87,84,2024-12-24,0
P03,Soap,Household,94.5,103.15,11.5,Monday,63,37,0.49,3496.5,47,37,2024-12-25,0
P07,Tea,Beverages,98.83,91.61,17.97,Wednesday,61,35,0.6,3953.2,35,40,2024-12-26,0
P01,Milk,Dairy,71.83,64.76,7.35,Saturday,17,2,0.59,718.3,2,10,2024-12-27,0
P01,Milk,Dairy,85.79,80.44,1.6,Thursday,21,15,0.88,1458.43,15,17,2024-12-28,1
P02,Bread,Bakery,76.22,72.46,10.12,Sunday,27,7,0.47,990.86,7,13,2024-12-29,1
P03,Soap,Household,130.69,120.7,0.35,Sunday,11,6,0.69,784.14,19,6,2024-12-30,0
P01,Milk,Dairy,39.76,30.99,15.62,Wednesday,19,8,0.43,318.08,14,8,2024-12-31,0
P09,Shampoo,Personal Care,83.0,88.09,12.39,Sunday,88,92,0.89,7636.0,95,92,2025-01-01,0
P05,Chips,Snacks,51.09,43.93,2.43,Thursday,71,31,0.46,1583.7900000000002,41,31,2025-01-02,0
P07,Tea,Beverages,43.11,46.94,12.36,Thursday,13,5,0.9,560.43,5,13,2025-01-03,0
P09,Shampoo,Personal Care,125.82,128.12,6.13,Sunday,61,35,0.69,5661.9,35,45,2025-01-04,1
P09,Shampoo,Personal Care,130.24,134.73,15.84,Saturday,72,49,0.57,6381.76,58,49,2025-01-05,1
P02,Bread,Bakery,45.3,42.66,8.28,Wednesday,23,9,0.41,407.7,19,9,2025-01-06,0
P08,Sugar,Grains,70.32,79.6,4.97,Friday,71,48,0.59,3375.3599999999997,60,48,2025-01-07,0
P05,Chips,Snacks,22.49,17.69,15.21,Wednesday,67,20,0.41,674.6999999999999,20,30,2025-01-08,0
P08,Sugar,Grains,100.46,96.93,16.69,Saturday,94,36,0.42,4420.24,36,44,2025-01-09,0
P04,Rice,Grains,28.4,19.25,7.43,Tuesday,69,46,0.69,1306.3999999999999,53,46,2025-01-10,0
P04,Rice,Grains,84.91,80.23,2.98,Wednesday,77,61,0.82,5179.51,75,61,2025-01-11,1
P10,Biscuits,Snacks,51.65,54.68,16.21,Saturday,61,58,0.82,3047.35,58,59,2025-01-12,1
P02,Bread,Bakery,71.01,80.13,2.66,Friday,73,62,0.77,4402.62,73,62,2025-01-13,0
P04,Rice,Grains,61.0,64.76,8.75,Friday,38,12,0.47,1220.0,12,20,2025-01-14,0
P09,Shampoo,Personal Care,140.94,136.0,15.62,Friday,37,24,0.68,3805.38,24,27,2025-01-15,0
P09,Shampoo,Personal Care,105.72,113.62,12.73,Monday,88,88,0.83,9303.36,91,88,2025-01-16,0
P06,Eggs,Dairy,78.58,86.23,2.11,Monday,53,35,0.61,2750.2999999999997,48,35,2025-01-17,0
P05,Chips,Snacks,108.43,99.26,1.7,Sunday,52,33,0.7,3578.19,40,33,2025-01-18,1
P09,Shampoo,Personal Care,124.28,116.39,0.71,Saturday,29,19,0.74,2361.32,23,19,2025-01-19,1
P01,Milk,Dairy,65.92,61.85,6.99,Tuesday,24,21,0.87,1384.32,32,21,2025-01-20,0
P07,Tea,Beverages,121.9,119.0,8.24,Saturday,14,10,0.7,1219.0,22,10,2025-01-21,0
P06,Eggs,Dairy,119.37,114.67,0.42,Friday,90,32,0.48,4894.17,32,41,2025-01-22,0
P06,Eggs,Dairy,120.0,122.49,7.64,Sunday,59,19,0.31,2400.0,19,20,2025-01-23,0
P07,Tea,Beverages,53.2,48.41,1.39,Friday,98,49,0.62,3085.6000000000004,49,58,2025-01-24,0
P07,Tea,Beverages,25.45,34.82,15.97,Sunday,21,15,0.58,381.75,21,15,2025-01-25,1
P03,Soap,Household,34.81,34.53,18.41,Sunday,25,20,0.79,800.6300000000001,20,23,2025-01-26,1
P06,Eggs,Dairy,105.34,97.9,6.77,Friday,49,21,0.66,3265.54,21,31,2025-01-27,0
P01,Milk,Dairy,32.35,29.87,11.0,Tuesday,98,40,0.4,1358.7,40,42,2025-01-28,0
P04,Rice,Grains,55.59,64.16,13.52,Tuesday,60,61,0.83,3390.9900000000002,61,61,2025-01-29,0
P09,Shampoo,Personal Care,103.96,99.68,16.32,Wednesday,48,43,0.81,4470.28,54,43,2025-01-30,0
P10,Biscuits,Snacks,139.46,134.5,15.1,Friday,30,29,0.89,4044.34,34,29,2025-01-31,0
P09,Shampoo,Personal Care,117.26,118.42,3.61,Sunday,84,39,0.49,5042.18,39,43,2025-02-01,1
P07,Tea,Beverages,117.91,113.3,10.79,Thursday,22,8,0.4,1061.19,8,9,2025-02-02,1
P02,Bread,Bakery,37.12,41.64,16.36,Saturday,88,64,0.6,2375.68,76,64,2025-02-03,0
P01,Milk,Dairy,129.29,133.95,10.84,Tuesday,70,52,0.75,7757.4,52,60,2025-02-04,0
P01,Milk,Dairy,99.55,91.67,3.03,Wednesday,39,30,0.82,2986.5,37,30,2025-02-05,0
P05,Chips,Snacks,102.72,107.94,3.2,Thursday,67,22,0.31,2259.84,36,22,2025-02-06,0
P05,Chips,Snacks,52.07,56.6,19.84,Wednesday,73,71,0.78,3696.97,84,71,2025-02-07,0
P01,Milk,Dairy,46.52,47.62,14.66,Friday,36,29,0.71,1349.0800000000002,31,29,2025-02-08,1
P08,Sugar,Grains,68.78,69.55,10.48,Thursday,99,84,0.8,6052.64,84,88,2025-02-09,1
P04,Rice,Grains,128.25,118.47,14.99,Monday,62,33,0.52,4232.25,47,33,2025-02-10,0
P03,Soap,Household,62.5,55.48,6.11,Thursday,65,31,0.6,2375.0,31,38,2025-02-11,0
P04,Rice,Grains,36.21,33.92,12.87,Tuesday,19,17,0.83,615.57,19,17,2025-02-12,0
P10,Biscuits,Snacks,97.1,94.93,8.25,Thursday,30,10,0.32,971.0,19,10,2025-02-13,0
P04,Rice,Grains,41.7,35.33,7.75,Sunday,26,7,0.65,708.9000000000001,7,17,2025-02-14,0
P05,Chips,Snacks,82.53,85.38,1.3,Monday,89,37,0.44,3301.2,37,40,2025-02-15,1
P07,Tea,Beverages,111.38,102.44,9.73,Tuesday,39,30,0.78,3341.3999999999996,33,30,2025-02-16,1
P03,Soap,Household,55.08,61.58,9.97,Tuesday,92,36,0.34,1982.8799999999999,41,36,2025-02-17,0
P04,Rice,Grains,63.45,69.15,14.15,Monday,40,38,0.8,2411.1,41,38,2025-02-18,0
P08,Sugar,Grains,87.64,85.11,2.45,Wednesday,64,28,0.44,2453.92,29,28,2025-02-19,0
P04,Rice,Grains,68.28,59.53,16.03,Saturday,56,53,0.9,3618.84,61,53,2025-02-20,0
P10,Biscuits,Snacks,141.3,144.15,8.42,Saturday,13,8,0.6,1130.4,20,8,2025-02-21,0
P05,Chips,Snacks,43.17,46.89,19.82,Monday,84,77,0.74,3324.09,81,77,2025-02-22,1
P07,Tea,Beverages,143.54,137.6,11.31,Saturday,19,0,0.5,1291.86,0,9,2025-02-23,1
P04,Rice,Grains,23.41,13.89,16.63,Thursday,79,41,0.61,1170.5,41,50,2025-02-24,0
P03,Soap,Household,58.83,67.64,5.19,Thursday,55,27,0.44,1588.4099999999999,39,27,2025-02-25,0
P01,Milk,Dairy,69.0,68.23,9.62,Tuesday,30,18,0.57,1242.0,29,18,2025-02-26,0
P02,Bread,Bakery,82.79,75.46,1.61,Tuesday,48,27,0.6,2235.3300000000004,35,27,2025-02-27,0
P09,Shampoo,Personal Care,76.79,81.38,15.31,Sunday,63,33,0.44,2534.07,47,33,2025-02-28,0
P01,Milk,Dairy,37.08,35.06,18.45,Wednesday,98,98,0.87,3633.8399999999997,109,98,2025-03-01,1
P01,Milk,Dairy,28.96,20.1,5.64,Saturday,16,6,0.45,173.76,17,6,2025-03-02,1
P05,Chips,Snacks,137.81,132.8,5.44,Saturday,63,35,0.56,4823.35,41,35,2025-03-03,0
P04,Rice,Grains,129.82,125.18,3.13,Friday,65,21,0.33,2726.22,30,21,2025-03-04,0
P05,Chips,Snacks,100.56,101.8,6.92,Monday,59,34,0.55,3519.6,34,35,2025-03-05,0
P05,Chips,Snacks,65.15,73.15,0.44,Thursday,84,75,0.88,5212.0,75,80,2025-03-06,0
P09,Shampoo,Personal Care,92.82,101.56,1.05,Friday,23,18,0.74,1670.7599999999998,22,18,2025-03-07,0
P06,Eggs,Dairy,147.57,142.7,13.08,Saturday,99,43,0.41,6345.509999999999,54,43,2025-03-08,1
P08,Sugar,Grains,63.97,60.14,18.94,Thursday,21,12,0.51,767.64,12,12,2025-03-09,1
P10,Biscuits,Snacks,34.83,27.85,4.51,Tuesday,80,49,0.71,1915.6499999999999,49,55,2025-03-10,0
P03,Soap,Household,90.86,100.47,4.55,Tuesday,37,20,0.73,2725.8,20,30,2025-03-11,0
P09,Shampoo,Personal Care,28.8,32.96,10.87,Saturday,79,37,0.44,1152.0,37,40,2025-03-12,0
P07,Tea,Beverages,130.1,128.67,2.82,Monday,31,25,0.81,3252.5,35,25,2025-03-13,0
P06,Eggs,Dairy,106.97,106.22,8.24,Monday,48,32,0.63,3423.04,33,32,2025-03-14,0
P06,Eggs,Dairy,28.1,28.35,16.13,Saturday,19,19,0.89,533.9,20,19,2025-03-15,1
P02,Bread,Bakery,123.22,123.17,6.8,Saturday,30,6,0.4,1478.6399999999999,6,12,2025-03-16,1
P06,Eggs,Dairy,62.93,68.07,10.39,Wednesday,94,72,0.7,4782.68,72,76,2025-03-17,0
P02,Bread,Bakery,41.01,36.12,18.93,Friday,49,42,0.89,2009.49,42,49,2025-03-18,0
P03,Soap,Household,120.36,110.9,1.3,Wednesday,12,4,0.85,1083.24,4,9,2025-03-19,0
P06,Eggs,Dairy,90.03,89.99,2.11,Monday,61,35,0.57,3151.05,37,35,2025-03-20,0
P10,Biscuits,Snacks,71.66,63.53,8.82,Sunday,20,8,0.42,573.28,17,8,2025-03-21,0
P09,Shampoo,Personal Care,88.03,83.77,15.86,Saturday,45,23,0.47,2024.69,27,23,2025-03-22,1
P04,Rice,Grains,60.61,63.46,3.92,Sunday,91,29,0.39,2242.57,29,37,2025-03-23,1
P10,Biscuits,Snacks,110.47,116.34,6.34,Tuesday,12,7,0.52,773.29,19,7,2025-03-24,0
P06,Eggs,Dairy,136.63,130.01,10.14,Monday,10,0,0.32,409.89,0,3,2025-03-25,0
P04,Rice,Grains,67.28,71.93,16.41,Saturday,13,12,0.78,807.36,21,12,2025-03-26,0
P04,Rice,Grains,145.81,152.95,2.35,Sunday,20,13,0.6,1895.53,18,13,2025-03-27,0
P07,Tea,Beverages,145.73,144.09,19.68,Saturday,30,26,0.74,3788.9799999999996,28,26,2025-03-28,0
P04,Rice,Grains,61.99,71.93,19.6,Tuesday,68,35,0.4,2169.65,42,35,2025-03-29,1
P08,Sugar,Grains,21.64,22.84,10.55,Wednesday,34,29,0.79,649.2,29,30,2025-03-30,1
P07,Tea,Beverages,47.27,44.85,19.47,Tuesday,18,16,0.79,756.32,24,16,2025-03-31,0
P09,Shampoo,Personal Care,90.3,94.5,6.29,Sunday,20,18,0.84,1625.3999999999999,24,18,2025-04-01,0
P03,Soap,Household,104.72,101.0,5.09,Thursday,95,76,0.8,7958.72,89,76,2025-04-02,0
P07,Tea,Beverages,63.58,57.06,14.24,Tuesday,99,38,0.36,2416.04,46,38,2025-04-03,0
P10,Biscuits,Snacks,51.18,44.02,6.96,Sunday,56,22,0.41,1125.96,34,22,2025-04-04,0
P03,Soap,Household,99.79,98.5,11.54,Wednesday,26,16,0.8,2195.38,16,22,2025-04-05,1
P05,Chips,Snacks,81.27,90.85,12.68,Tuesday,93,84,0.74,6826.679999999999,94,84,2025-04-06,1
P07,Tea,Beverages,33.82,30.12,0.08,Saturday,56,21,0.4,710.22,33,21,2025-04-07,0
P02,Bread,Bakery,131.25,125.79,16.74,Wednesday,96,35,0.35,4856.25,35,37,2025-04-08,0
P08,Sugar,Grains,64.25,71.58,4.31,Sunday,24,11,0.43,706.75,12,11,2025-04-09,0
P05,Chips,Snacks,24.31,20.39,13.06,Saturday,23,20,0.84,486.2,30,20,2025-04-10,0
P07,Tea,Beverages,50.26,56.41,1.18,Wednesday,88,33,0.46,2161.18,33,43,2025-04-11,0
P01,Milk,Dairy,137.94,141.35,11.21,Sunday,55,26,0.58,4965.84,26,36,2025-04-12,1
P09,Shampoo,Personal Care,132.39,133.32,7.61,Tuesday,39,33,0.78,4368.87,37,33,2025-04-13,1
P10,Biscuits,Snacks,82.28,72.64,8.43,Sunday,23,10,0.85,1563.32,10,19,2025-04-14,0
P10,Biscuits,Snacks,56.4,63.57,5.84,Saturday,60,54,0.8,3045.6,65,54,2025-04-15,0
P10,Biscuits,Snacks,110.91,117.7,19.64,Monday,87,82,0.74,9094.619999999999,87,82,2025-04-16,0
P06,Eggs,Dairy,59.62,66.21,5.63,Sunday,56,35,0.57,2086.7,49,35,2025-04-17,0
P08,Sugar,Grains,48.4,40.8,1.37,Friday,90,34,0.45,1790.8,34,37,2025-04-18,0
P10,Biscuits,Snacks,21.61,20.99,6.03,Monday,84,30,0.34,648.3,32,30,2025-04-19,1
P05,Chips,Snacks,49.43,54.03,11.98,Monday,77,74,0.83,3657.82,84,74,2025-04-20,1
P02,Bread,Bakery,134.04,130.65,6.81,Thursday,64,30,0.62,5361.599999999999,30,40,2025-04-21,0
P08,Sugar,Grains,128.96,124.67,8.58,Monday,20,18,0.9,2321.28,23,18,2025-04-22,0
P07,Tea,Beverages,131.24,131.67,1.27,Tuesday,29,8,0.43,1574.88,8,12,2025-04-23,0
P08,Sugar,Grains,83.49,88.24,10.5,Sunday,18,8,0.7,1168.86,8,14,2025-04-24,0
P06,Eggs,Dairy,127.81,135.39,11.44,Thursday,54,46,0.72,5879.26,57,46,2025-04-25,0
P06,Eggs,Dairy,30.69,38.9,9.29,Tuesday,24,18,0.66,552.4200000000001,30,18,2025-04-26,1
P09,Shampoo,Personal Care,136.03,134.9,12.14,Sunday,60,29,0.57,5033.11,29,37,2025-04-27,1
P10,Biscuits,Snacks,122.54,125.33,13.53,Tuesday,37,18,0.44,2205.7200000000003,19,18,2025-04-28,0
P01,Milk,Dairy,122.28,131.7,5.25,Friday,97,73,0.66,8926.44,78,73,2025-04-29,0
P07,Tea,Beverages,116.67,116.8,12.68,Sunday,15,14,0.83,1633.38,22,14,2025-04-30,0
P03,Soap,Household,20.38,11.18,12.08,Saturday,36,7,0.38,264.94,7,13,2025-05-01,0
P10,Biscuits,Snacks,55.99,65.42,6.63,Monday,49,33,0.58,1847.67,44,33,2025-05-02,0
P09,Shampoo,Personal Care,78.17,77.66,11.82,Wednesday,70,23,0.3,1797.91,37,23,2025-05-03,1
P06,Eggs,Dairy,21.0,15.38,0.73,Friday,99,54,0.58,1134.0,57,54,2025-05-04,1
P10,Biscuits,Snacks,77.01,71.38,7.94,Monday,63,49,0.86,4235.55,49,55,2025-05-05,0
P06,Eggs,Dairy,71.61,63.35,12.34,Friday,97,61,0.62,4368.21,65,61,2025-05-06,0
P08,Sugar,Grains,134.38,135.88,0.59,Wednesday,73,53,0.72,7122.139999999999,59,53,2025-05-07,0
P01,Milk,Dairy,149.07,141.7,5.49,Sunday,10,5,0.53,745.3499999999999,8,5,2025-05-08,0
P06,Eggs,Dairy,114.88,122.53,13.42,Wednesday,21,17,0.7,1952.96,26,17,2025-05-09,0
P01,Milk,Dairy,58.57,62.94,19.08,Saturday,78,23,0.3,1698.53,23,29,2025-05-10,1
P09,Shampoo,Personal Care,102.73,93.75,5.15,Thursday,96,29,0.32,2979.17,30,29,2025-05-11,1
P08,Sugar,Grains,133.31,128.44,13.31,Sunday,42,25,0.57,3332.75,30,25,2025-05-12,0
P05,Chips,Snacks,67.98,60.4,8.38,Thursday,93,78,0.84,5302.4400000000005,83,78,2025-05-13,0
P04,Rice,Grains,72.55,68.97,15.0,Saturday,11,8,0.7,580.4,18,8,2025-05-14,0
P05,Chips,Snacks,108.23,105.47,11.87,Friday,19,8,0.6,1298.76,8,12,2025-05-15,0
P08,Sugar,Grains,38.05,30.36,3.09,Saturday,12,1,0.73,304.4,1,8,2025-05-16,0
P08,Sugar,Grains,35.67,43.72,1.33,Tuesday,25,14,0.89,856.08,14,24,2025-05-17,1
P07,Tea,Beverages,126.6,130.5,10.65,Monday,74,23,0.35,3671.3999999999996,23,29,2025-05-18,1
P07,Tea,Beverages,71.92,80.12,16.16,Thursday,34,31,0.74,2229.52,43,31,2025-05-19,0
P05,Chips,Snacks,104.8,111.71,13.85,Monday,27,16,0.54,1781.6,16,17,2025-05-20,0
P03,Soap,Household,30.09,30.94,17.23,Monday,39,26,0.57,782.34,37,26,2025-05-21,0
P02,Bread,Bakery,123.79,130.24,17.15,Wednesday,88,77,0.76,10274.57,77,83,2025-05-22,0
P01,Milk,Dairy,32.85,40.64,0.25,Tuesday,66,15,0.32,722.7,15,22,2025-05-23,0
P04,Rice,Grains,71.09,71.61,10.23,Tuesday,37,13,0.56,1563.98,13,22,2025-05-24,1
P01,Milk,Dairy,38.54,46.34,6.92,Wednesday,29,16,0.5,616.64,25,16,2025-05-25,1
P10,Biscuits,Snacks,87.24,84.82,0.13,Thursday,20,8,0.49,785.16,8,9,2025-05-26,0
P01,Milk,Dairy,108.03,110.15,7.29,Wednesday,65,63,0.89,6805.89,71,63,2025-05-27,0
P02,Bread,Bakery,79.02,82.79,2.81,Monday,78,26,0.44,2844.72,26,36,2025-05-28,0
P03,Soap,Household,147.07,147.71,2.72,Sunday,35,11,0.32,1617.77,24,11,2025-05-29,0
P05,Chips,Snacks,24.02,21.78,3.2,Saturday,59,23,0.49,696.58,23,29,2025-05-30,0
P06,Eggs,Dairy,39.12,38.88,2.6,Saturday,46,40,0.87,1564.8,42,40,2025-05-31,1
P03,Soap,Household,60.82,68.59,12.06,Wednesday,82,81,0.89,5352.16,81,88,2025-06-01,1
P05,Chips,Snacks,57.49,66.71,7.79,Monday,31,22,0.62,1264.78,27,22,2025-06-02,0
P06,Eggs,Dairy,40.04,41.11,10.83,Monday,95,47,0.45,1881.8799999999999,60,47,2025-06-03,0
P02,Bread,Bakery,129.01,126.13,16.54,Monday,60,27,0.41,3483.2699999999995,32,27,2025-06-04,0
P02,Bread,Bakery,85.97,89.52,4.7,Sunday,20,13,0.63,1117.61,25,13,2025-06-05,0
P02,Bread,Bakery,65.15,66.76,2.78,Wednesday,22,6,0.68,977.2500000000001,6,15,2025-06-06,0
P10,Biscuits,Snacks,83.56,81.6,19.88,Tuesday,91,71,0.67,5932.76,77,71,2025-06-07,1
P03,Soap,Household,94.02,96.43,4.03,Friday,94,39,0.39,3666.7799999999997,48,39,2025-06-08,1
P04,Rice,Grains,130.83,135.05,18.14,Monday,73,59,0.66,7718.970000000001,72,59,2025-06-09,0
P09,Shampoo,Personal Care,97.89,94.96,9.17,Monday,30,23,0.75,2251.47,24,23,2025-06-10,0
P09,Shampoo,Personal Care,91.41,82.56,13.62,Wednesday,50,42,0.83,3839.22,49,42,2025-06-11,0
P02,Bread,Bakery,142.73,135.71,9.25,Wednesday,57,12,0.36,2854.6,12,20,2025-06-12,0
P05,Chips,Snacks,118.1,117.94,6.05,Wednesday,84,27,0.42,4369.7,27,37,2025-06-13,0
P02,Bread,Bakery,119.03,116.76,10.23,Tuesday,90,69,0.82,9403.37,69,79,2025-06-14,1
P02,Bread,Bakery,147.5,145.65,16.55,Sunday,13,11,0.78,1622.5,19,11,2025-06-15,1
P10,Biscuits,Snacks,81.94,91.86,1.19,Sunday,54,33,0.56,2704.02,33,33,2025-06-16,0
P10,Biscuits,Snacks,130.11,137.97,1.25,Tuesday,47,17,0.45,2992.53,17,23,2025-06-17,0
P04,Rice,Grains,24.0,33.43,4.41,Thursday,89,77,0.76,1848.0,78,77,2025-06-18,0
P03,Soap,Household,140.8,131.41,17.44,Friday,19,0,0.38,985.6000000000001,0,7,2025-06-19,0
P08,Sugar,Grains,58.92,56.09,16.09,Thursday,33,17,0.74,1590.8400000000001,17,27,2025-06-20,0
P06,Eggs,Dairy,88.72,94.59,19.81,Wednesday,17,9,0.9,1685.68,9,19,2025-06-21,1
P10,Biscuits,Snacks,31.68,21.73,0.88,Monday,45,29,0.8,1013.76,29,32,2025-06-22,1
P06,Eggs,Dairy,116.26,109.12,15.07,Monday,14,10,0.79,1278.8600000000001,10,11,2025-06-23,0
P01,Milk,Dairy,125.19,132.88,14.0,Saturday,72,30,0.35,3755.7,30,30,2025-06-24,0
P05,Chips,Snacks,83.39,74.94,8.15,Wednesday,39,11,0.31,917.29,12,11,2025-06-25,0
P04,Rice,Grains,59.8,60.78,12.64,Wednesday,86,85,0.87,5083.0,87,85,2025-06-26,0
P01,Milk,Dairy,29.4,38.5,10.45,Thursday,25,21,0.71,617.4,22,21,2025-06-27,0
P10,Biscuits,Snacks,34.68,41.52,4.84,Tuesday,69,30,0.39,1040.4,33,30,2025-06-28,1
P02,Bread,Bakery,112.31,115.65,4.22,Monday,43,12,0.47,2358.51,12,21,2025-06-29,1
P03,Soap,Household,124.45,133.03,8.1,Sunday,36,13,0.31,1617.8500000000001,21,13,2025-06-30,0
P02,Bread,Bakery,95.82,102.66,10.98,Friday,39,41,0.89,3928.62,48,41,2025-07-01,0
P08,Sugar,Grains,98.45,95.61,12.96,Sunday,95,34,0.41,4134.900000000001,34,42,2025-07-02,0
P07,Tea,Beverages,113.57,120.91,9.08,Tuesday,81,59,0.63,6700.629999999999,71,59,2025-07-03,0
P05,Chips,Snacks,102.82,103.35,9.26,Wednesday,62,53,0.78,5449.46,59,53,2025-07-04,0
P08,Sugar,Grains,91.83,92.23,2.86,Wednesday,96,69,0.73,6611.76,69,72,2025-07-05,1
P04,Rice,Grains,72.19,65.36,17.64,Tuesday,84,41,0.46,3031.98,41,42,2025-07-06,1
P02,Bread,Bakery,72.32,64.37,3.78,Tuesday,35,15,0.73,1735.6799999999998,15,24,2025-07-07,0
P09,Shampoo,Personal Care,97.15,105.06,11.67,Thursday,17,6,0.3,582.9000000000001,14,6,2025-07-08,0
P04,Rice,Grains,52.09,56.91,6.33,Sunday,20,15,0.8,885.5300000000001,15,17,2025-07-09,0
P08,Sugar,Grains,36.89,38.19,17.33,Sunday,77,66,0.77,2582.3,66,70,2025-07-10,0
P07,Tea,Beverages,135.94,134.62,18.2,Saturday,65,59,0.88,8972.039999999999,59,66,2025-07-11,0
P04,Rice,Grains,31.61,35.35,9.88,Thursday,42,41,0.86,1296.01,51,41,2025-07-12,1
P02,Bread,Bakery,129.75,133.27,2.78,Sunday,94,73,0.73,9471.75,80,73,2025-07-13,1
P09,Shampoo,Personal Care,106.63,115.95,15.22,Wednesday,26,23,0.71,2452.49,25,23,2025-07-14,0
P04,Rice,Grains,142.72,138.1,9.51,Tuesday,92,66,0.69,9419.52,66,66,2025-07-15,0
P03,Soap,Household,26.26,23.46,19.14,Saturday,37,35,0.82,919.1,48,35,2025-07-16,0
P01,Milk,Dairy,81.88,74.1,12.69,Tuesday,80,56,0.76,5158.44,56,63,2025-07-17,0
P02,Bread,Bakery,74.15,80.59,17.01,Wednesday,25,16,0.52,1186.4,30,16,2025-07-18,0
P02,Bread,Bakery,133.07,137.68,12.95,Saturday,96,74,0.66,9847.18,84,74,2025-07-19,1
P01,Milk,Dairy,58.39,51.12,13.03,Saturday,27,20,0.74,1167.8,34,20,2025-07-20,1
P02,Bread,Bakery,146.7,137.74,13.64,Friday,63,20,0.42,3960.8999999999996,20,27,2025-07-21,0
P01,Milk,Dairy,135.73,131.48,7.36,Saturday,66,52,0.79,7193.69,52,53,2025-07-22,0
P07,Tea,Beverages,121.66,122.54,2.0,Monday,83,20,0.31,3163.16,20,26,2025-07-23,0
P07,Tea,Beverages,69.28,66.03,0.39,Thursday,23,10,0.55,831.36,10,12,2025-07-24,0
P03,Soap,Household,84.07,82.16,10.62,Tuesday,63,31,0.46,2606.1699999999996,44,31,2025-07-25,0
P01,Milk,Dairy,114.23,121.78,0.83,Tuesday,99,68,0.71,8681.48,68,76,2025-07-26,1
P06,Eggs,Dairy,60.54,66.02,15.46,Saturday,67,66,0.81,3995.64,72,66,2025-07-27,1
P05,Chips,Snacks,94.8,86.33,7.65,Thursday,43,9,0.41,1611.6,9,17,2025-07-28,0
P07,Tea,Beverages,76.62,73.26,6.84,Monday,64,40,0.61,3064.8,45,40,2025-07-29,0
P08,Sugar,Grains,65.25,62.68,0.03,Monday,52,28,0.7,2283.75,28,35,2025-07-30,0
P03,Soap,Household,91.29,98.88,13.51,Saturday,41,42,0.84,3834.1800000000003,49,42,2025-07-31,0
P06,Eggs,Dairy,121.82,127.43,9.16,Thursday,95,42,0.39,5116.44,48,42,2025-08-01,0
P10,Biscuits,Snacks,136.93,141.13,18.75,Monday,37,22,0.58,3560.1800000000003,22,26,2025-08-02,1
P10,Biscuits,Snacks,27.76,31.19,11.64,Wednesday,18,9,0.44,249.84,22,9,2025-08-03,1
P07,Tea,Beverages,89.0,92.02,12.89,Thursday,41,16,0.35,1424.0,28,16,2025-08-04,0
P08,Sugar,Grains,67.54,62.05,3.92,Saturday,66,37,0.67,2904.2200000000003,37,43,2025-08-05,0
P01,Milk,Dairy,121.57,123.14,2.94,Sunday,62,40,0.62,4862.799999999999,41,40,2025-08-06,0
P06,Eggs,Dairy,137.83,131.11,12.86,Monday,74,39,0.51,5375.370000000001,45,39,2025-08-07,0
P10,Biscuits,Snacks,139.27,135.08,9.4,Friday,56,19,0.34,2646.13,31,19,2025-08-08,0
P05,Chips,Snacks,109.7,113.5,18.61,Sunday,93,77,0.68,8446.9,79,77,2025-08-09,1
P05,Chips,Snacks,78.2,70.89,19.16,Monday,36,30,0.76,2346.0,42,30,2025-08-10,1
P09,Shampoo,Personal Care,66.05,75.03,19.25,Sunday,15,8,0.46,528.4,22,8,2025-08-11,0
P08,Sugar,Grains,124.91,124.1,10.93,Tuesday,22,6,0.58,1748.74,6,14,2025-08-12,0
P09,Shampoo,Personal Care,92.91,100.19,9.63,Tuesday,42,16,0.38,1672.3799999999999,16,18,2025-08-13,0
P08,Sugar,Grains,149.35,149.89,7.84,Thursday,79,31,0.37,4629.849999999999,37,31,2025-08-14,0
P03,Soap,Household,102.75,102.71,8.13,Monday,68,65,0.89,6678.75,71,65,2025-08-15,0
P06,Eggs,Dairy,94.04,89.23,8.74,Wednesday,28,11,0.41,1034.44,20,11,2025-08-16,1
P10,Biscuits,Snacks,47.81,38.07,0.28,Monday,38,28,0.84,1338.68,33,28,2025-08-17,1
P09,Shampoo,Personal Care,142.68,151.88,10.43,Thursday,75,79,0.88,11271.720000000001,93,79,2025-08-18,0
P10,Biscuits,Snacks,71.06,78.14,15.46,Wednesday,74,52,0.57,3695.12,63,52,2025-08-19,0
P03,Soap,Household,121.58,130.78,15.27,Thursday,95,78,0.66,9483.24,80,78,2025-08-20,0
P03,Soap,Household,128.6,134.29,7.54,Tuesday,37,18,0.44,2314.7999999999997,26,18,2025-08-21,0
P10,Biscuits,Snacks,102.47,96.91,6.43,Friday,75,45,0.61,4611.15,51,45,2025-08-22,0
P08,Sugar,Grains,125.08,120.16,4.92,Friday,76,56,0.84,7880.04,56,63,2025-08-23,1
P08,Sugar,Grains,20.06,28.09,3.08,Sunday,36,34,0.87,682.04,35,34,2025-08-24,1
P03,Soap,Household,84.31,84.56,9.63,Tuesday,76,43,0.54,3793.9500000000003,43,45,2025-08-25,0
P01,Milk,Dairy,118.05,126.42,19.02,Wednesday,99,65,0.51,7673.25,73,65,2025-08-26,0
P06,Eggs,Dairy,122.38,117.4,11.28,Monday,91,66,0.69,8077.08,67,66,2025-08-27,0
P06,Eggs,Dairy,51.25,45.08,18.36,Friday,96,61,0.6,3228.75,61,63,2025-08-28,0
P01,Milk,Dairy,48.71,39.49,0.72,Monday,26,5,0.39,438.39,5,9,2025-08-29,0
P03,Soap,Household,108.34,102.84,8.63,Tuesday,20,13,0.64,1408.42,16,13,2025-08-30,1
P09,Shampoo,Personal Care,75.58,72.11,16.79,Wednesday,69,43,0.56,3249.94,52,43,2025-08-31,1
P02,Bread,Bakery,137.49,144.41,8.02,Wednesday,87,77,0.77,10586.730000000001,85,77,2025-09-01,0
P08,Sugar,Grains,81.92,81.87,4.09,Friday,17,7,0.41,573.44,11,7,2025-09-02,0
P01,Milk,Dairy,63.1,70.2,4.14,Monday,77,41,0.48,2587.1,46,41,2025-09-03,0
P10,Biscuits,Snacks,134.33,133.53,1.9,Monday,36,29,0.8,3895.57,39,29,2025-09-04,0
P05,Chips,Snacks,63.18,67.05,15.42,Sunday,13,0,0.39,379.08,0,6,2025-09-05,0
P02,Bread,Bakery,133.86,134.64,5.65,Friday,32,21,0.86,3881.9400000000005,21,29,2025-09-06,1
P06,Eggs,Dairy,70.94,71.87,10.64,Sunday,69,47,0.61,3334.18,48,47,2025-09-07,1
P10,Biscuits,Snacks,27.1,36.56,4.52,Tuesday,47,16,0.31,433.6,30,16,2025-09-08,0
P10,Biscuits,Snacks,76.87,84.52,1.04,Monday,77,73,0.88,5611.51,82,73,2025-09-09,0
P05,Chips,Snacks,49.16,52.42,14.84,Sunday,78,70,0.76,3441.2,80,70,2025-09-10,0
P10,Biscuits,Snacks,99.25,107.17,16.36,Wednesday,36,13,0.46,1985.0,13,20,2025-09-11,0
P09,Shampoo,Personal Care,36.3,33.04,19.99,Tuesday,48,23,0.43,834.9,33,23,2025-09-12,0
P01,Milk,Dairy,119.12,119.97,2.99,Sunday,25,9,0.35,1072.08,21,9,2025-09-13,1
P04,Rice,Grains,90.78,94.97,3.35,Friday,18,8,0.46,726.24,13,8,2025-09-14,1
P10,Biscuits,Snacks,101.7,101.34,7.23,Tuesday,57,29,0.48,2949.3,43,29,2025-09-15,0
P03,Soap,Household,112.88,118.06,2.05,Thursday,74,53,0.73,6434.16,53,57,2025-09-16,0
P07,Tea,Beverages,42.37,51.82,8.98,Friday,75,64,0.72,2711.68,66,64,2025-09-17,0
P10,Biscuits,Snacks,112.86,112.09,18.42,Sunday,32,14,0.38,1580.04,24,14,2025-09-18,0
P10,Biscuits,Snacks,130.56,127.45,0.62,Friday,50,19,0.42,2611.2,19,20,2025-09-19,0
P04,Rice,Grains,64.89,61.6,19.57,Tuesday,12,1,0.37,324.45,1,5,2025-09-20,1
P03,Soap,Household,119.41,122.83,8.71,Monday,73,49,0.6,5851.09,52,49,2025-09-21,1
P06,Eggs,Dairy,69.47,62.73,15.72,Wednesday,77,38,0.53,3056.68,38,44,2025-09-22,0
P10,Biscuits,Snacks,23.28,30.06,0.23,Friday,67,40,0.67,1117.44,40,48,2025-09-23,0
P03,Soap,Household,129.63,121.58,11.18,Tuesday,38,30,0.79,3888.8999999999996,42,30,2025-09-24,0
P03,Soap,Household,91.04,100.38,1.03,Thursday,74,40,0.49,3641.6000000000004,40,40,2025-09-25,0
P08,Sugar,Grains,82.69,75.06,19.23,Saturday,71,49,0.63,4051.81,49,49,2025-09-26,0
P03,Soap,Household,71.55,64.18,17.31,Sunday,29,22,0.71,1574.1,29,22,2025-09-27,1
P01,Milk,Dairy,101.25,97.58,16.33,Thursday,66,57,0.78,5771.25,61,57,2025-09-28,1
P08,Sugar,Grains,52.56,55.06,11.43,Monday,25,25,0.89,1314.0,26,25,2025-09-29,0
P01,Milk,Dairy,101.64,96.59,3.26,Tuesday,21,7,0.47,914.76,7,9,2025-09-30,0
P09,Shampoo,Personal Care,59.88,56.94,12.43,Friday,14,10,0.74,658.6800000000001,10,11,2025-10-01,0
P10,Biscuits,Snacks,72.59,63.96,15.68,Thursday,71,26,0.35,1887.3400000000001,27,26,2025-10-02,0
P10,Biscuits,Snacks,63.35,66.9,1.44,Saturday,56,31,0.53,1963.8500000000001,37,31,2025-10-03,0
P08,Sugar,Grains,147.67,153.37,14.67,Friday,96,43,0.42,7088.16,43,48,2025-10-04,1
P10,Biscuits,Snacks,74.38,79.4,2.03,Friday,38,16,0.5,1487.6,16,20,2025-10-05,1
P07,Tea,Beverages,142.37,150.66,0.23,Monday,71,47,0.61,6691.39,50,47,2025-10-06,0
P08,Sugar,Grains,43.32,52.73,2.27,Thursday,71,50,0.63,2166.0,52,50,2025-10-07,0
P02,Bread,Bakery,44.68,46.32,4.09,Monday,58,30,0.54,1474.44,30,33,2025-10-08,0
P02,Bread,Bakery,54.36,48.47,9.66,Friday,89,61,0.68,3370.32,61,62,2025-10-09,0
P03,Soap,Household,91.45,95.25,2.88,Sunday,64,21,0.35,2103.35,21,23,2025-10-10,0
P09,Shampoo,Personal Care,29.83,38.86,5.95,Wednesday,63,52,0.72,1551.1599999999999,59,52,2025-10-11,1
P08,Sugar,Grains,79.54,71.38,11.07,Sunday,62,10,0.31,1511.2600000000002,10,19,2025-10-12,1
P09,Shampoo,Personal Care,145.45,140.47,13.52,Monday,57,33,0.65,5672.549999999999,33,39,2025-10-13,0
P07,Tea,Beverages,88.35,83.34,0.04,Friday,77,57,0.87,5566.049999999999,57,63,2025-10-14,0
P09,Shampoo,Personal Care,33.77,26.87,18.89,Saturday,31,24,0.86,979.33,24,29,2025-10-15,0
P01,Milk,Dairy,20.87,26.32,12.5,Sunday,39,32,0.71,667.84,40,32,2025-10-16,0
P04,Rice,Grains,73.06,63.37,11.66,Wednesday,58,33,0.63,2630.16,33,36,2025-10-17,0
P10,Biscuits,Snacks,142.15,136.56,14.51,Monday,55,24,0.41,3411.6000000000004,29,24,2025-10-18,1
P01,Milk,Dairy,107.42,116.96,2.04,Sunday,36,22,0.56,2363.2400000000002,24,22,2025-10-19,1
P03,Soap,Household,32.04,37.01,18.29,Wednesday,37,27,0.82,1185.48,27,37,2025-10-20,0
P03,Soap,Household,126.24,126.49,8.77,Saturday,28,19,0.65,2398.56,30,19,2025-10-21,0
P01,Milk,Dairy,99.73,102.48,4.84,Thursday,93,42,0.42,4188.66,51,42,2025-10-22,0
P01,Milk,Dairy,105.02,111.39,1.0,Friday,61,20,0.31,2100.4,26,20,2025-10-23,0
P06,Eggs,Dairy,52.29,46.58,5.42,Friday,57,44,0.85,2509.92,44,48,2025-10-24,0
P08,Sugar,Grains,66.13,64.63,4.31,Monday,42,30,0.7,1983.8999999999999,44,30,2025-10-25,1
P02,Bread,Bakery,30.55,39.58,16.77,Tuesday,47,31,0.53,947.0500000000001,33,31,2025-10-26,1
P10,Biscuits,Snacks,84.16,79.83,15.74,Saturday,12,1,0.67,673.28,1,8,2025-10-27,0
P03,Soap,Household,116.57,121.33,10.43,Tuesday,60,45,0.76,6061.639999999999,45,52,2025-10-28,0
P08,Sugar,Grains,75.57,69.69,15.99,Thursday,48,19,0.46,1813.6799999999998,19,24,2025-10-29,0
P09,Shampoo,Personal Care,67.9,75.81,13.33,Saturday,65,61,0.77,4141.900000000001,69,61,2025-10-30,0
P05,Chips,Snacks,73.47,80.94,12.76,Thursday,49,33,0.57,2424.5099999999998,34,33,2025-10-31,0
P10,Biscuits,Snacks,104.41,113.14,1.28,Thursday,72,38,0.48,3967.58,49,38,2025-11-01,1
P09,Shampoo,Personal Care,77.71,68.15,6.02,Monday,16,1,0.33,388.54999999999995,1,5,2025-11-02,1
P03,Soap,Household,83.84,92.38,2.11,Sunday,64,50,0.73,4275.84,50,51,2025-11-03,0
P02,Bread,Bakery,21.49,19.67,18.48,Tuesday,94,43,0.4,924.0699999999999,51,43,2025-11-04,0
P05,Chips,Snacks,29.16,22.87,13.28,Tuesday,80,57,0.73,1778.76,57,61,2025-11-05,0
P05,Chips,Snacks,127.44,126.36,16.12,Wednesday,10,0,0.49,637.2,0,5,2025-11-06,0
P06,Eggs,Dairy,52.49,52.79,10.71,Saturday,30,24,0.75,1259.76,26,24,2025-11-07,0
P01,Milk,Dairy,29.96,37.41,16.56,Tuesday,55,58,0.85,1737.68,60,58,2025-11-08,1
P03,Soap,Household,143.87,140.4,7.09,Wednesday,67,59,0.86,8488.33,66,59,2025-11-09,1
P01,Milk,Dairy,133.92,125.97,7.85,Thursday,44,22,0.51,2946.24,31,22,2025-11-10,0
P08,Sugar,Grains,87.81,93.7,17.69,Friday,85,83,0.82,7551.66,83,86,2025-11-11,0
P07,Tea,Beverages,117.29,116.07,12.21,Saturday,38,22,0.58,2814.96,22,24,2025-11-12,0
P04,Rice,Grains,73.44,77.88,7.7,Sunday,32,16,0.56,1468.8,16,20,2025-11-13,0
P04,Rice,Grains,116.28,123.54,10.64,Tuesday,27,5,0.48,1744.2,5,15,2025-11-14,0
P01,Milk,Dairy,90.38,87.28,8.28,Wednesday,41,27,0.83,3163.2999999999997,27,35,2025-11-15,1
P05,Chips,Snacks,51.4,48.49,2.11,Tuesday,45,16,0.37,822.4,18,16,2025-11-16,1
P10,Biscuits,Snacks,47.55,43.77,3.34,Sunday,56,29,0.53,1378.9499999999998,43,29,2025-11-17,0
P01,Milk,Dairy,50.45,44.84,19.2,Wednesday,81,81,0.89,4086.4500000000003,87,81,2025-11-18,0
P08,Sugar,Grains,73.92,79.0,17.43,Thursday,76,67,0.72,4952.64,81,67,2025-11-19,0
P07,Tea,Beverages,111.28,104.71,10.0,Saturday,22,18,0.82,2003.04,31,18,2025-11-20,0
P01,Milk,Dairy,102.08,102.73,2.31,Monday,58,25,0.6,3572.7999999999997,25,35,2025-11-21,0
P09,Shampoo,Personal Care,141.31,140.09,19.61,Saturday,26,7,0.42,1695.72,7,12,2025-11-22,1
P01,Milk,Dairy,70.94,78.85,4.09,Wednesday,58,56,0.87,3972.64,66,56,2025-11-23,1
P03,Soap,Household,120.94,123.17,17.15,Friday,12,4,0.64,1088.46,4,9,2025-11-24,0
P04,Rice,Grains,101.7,105.47,5.07,Monday,34,27,0.74,2745.9,28,27,2025-11-25,0
P08,Sugar,Grains,110.65,115.7,9.3,Tuesday,95,88,0.81,9737.2,90,88,2025-11-26,0
P09,Shampoo,Personal Care,83.06,79.73,15.83,Sunday,87,59,0.61,4900.54,61,59,2025-11-27,0
P02,Bread,Bakery,126.68,124.77,9.69,Wednesday,20,7,0.35,886.76,11,7,2025-11-28,0
P04,Rice,Grains,70.42,76.49,18.04,Saturday,57,29,0.42,2042.18,39,29,2025-11-29,1
P04,Rice,Grains,25.46,25.05,3.63,Saturday,45,37,0.81,942.02,42,37,2025-11-30,1
P08,Sugar,Grains,90.93,100.56,9.01,Tuesday,86,80,0.78,7274.400000000001,91,80,2025-12-01,0
P03,Soap,Household,76.35,86.29,11.18,Tuesday,76,39,0.43,2977.6499999999996,49,39,2025-12-02,0
P09,Shampoo,Personal Care,65.57,63.02,1.37,Tuesday,71,36,0.52,2360.5199999999995,36,36,2025-12-03,0
P06,Eggs,Dairy,68.03,58.94,7.0,Tuesday,39,10,0.43,1088.48,10,16,2025-12-04,0
P01,Milk,Dairy,106.02,105.7,0.11,Friday,70,18,0.36,2650.5,18,25,2025-12-05,0
P08,Sugar,Grains,26.33,27.95,8.52,Saturday,67,48,0.77,1474.48,48,56,2025-12-06,1
P06,Eggs,Dairy,117.73,123.79,10.36,Monday,90,32,0.31,3767.36,40,32,2025-12-07,1
P07,Tea,Beverages,46.94,51.2,7.73,Thursday,18,10,0.51,469.4,19,10,2025-12-08,0
P08,Sugar,Grains,70.8,63.97,5.16,Wednesday,12,6,0.56,424.79999999999995,20,6,2025-12-09,0
P07,Tea,Beverages,120.66,127.71,10.83,Tuesday,71,32,0.39,3861.12,39,32,2025-12-10,0
P05,Chips,Snacks,81.61,85.94,5.42,Sunday,17,12,0.65,979.3199999999999,16,12,2025-12-11,0
P01,Milk,Dairy,44.1,46.1,17.23,Wednesday,85,72,0.73,3263.4,72,74,2025-12-12,0
P08,Sugar,Grains,116.95,118.11,11.69,Monday,59,35,0.53,4093.25,41,35,2025-12-13,1
P10,Biscuits,Snacks,126.84,130.03,15.92,Sunday,71,61,0.72,7737.24,64,61,2025-12-14,1
P01,Milk,Dairy,54.33,63.11,12.73,Thursday,10,7,0.62,380.31,11,7,2025-12-15,0
P09,Shampoo,Personal Care,127.37,126.63,5.57,Saturday,36,14,0.66,3056.88,14,24,2025-12-16,0
P02,Bread,Bakery,54.4,57.64,16.3,Sunday,13,9,0.58,489.59999999999997,19,9,2025-12-17,0
P03,Soap,Household,147.83,153.56,15.47,Monday,93,59,0.52,8721.970000000001,70,59,2025-12-18,0
P09,Shampoo,Personal Care,76.21,66.83,5.19,Monday,79,41,0.55,3124.6099999999997,52,41,2025-12-19,0
P01,Milk,Dairy,135.5,141.99,12.6,Wednesday,55,38,0.7,6233.0,38,46,2025-12-20,1
P04,Rice,Grains,61.99,69.95,17.76,Wednesday,38,27,0.56,1673.73,32,27,2025-12-21,1
P02,Bread,Bakery,106.68,98.57,14.96,Wednesday,63,47,0.72,5013.96,59,47,2025-12-22,0
P08,Sugar,Grains,145.74,152.27,18.06,Friday,70,66,0.75,9618.84,80,66,2025-12-23,0
P05,Chips,Snacks,124.87,132.03,19.95,Tuesday,44,36,0.64,4495.32,36,36,2025-12-24,0
P06,Eggs,Dairy,59.52,55.88,19.22,Sunday,84,50,0.52,2976.0,51,50,2025-12-25,0
P09,Shampoo,Personal Care,121.89,123.21,6.26,Sunday,57,29,0.49,3656.7,29,30,2025-12-26,0
P04,Rice,Grains,22.05,12.39,18.33,Tuesday,58,47,0.76,1036.3500000000001,52,47,2025-12-27,1
P06,Eggs,Dairy,25.06,31.8,12.39,Sunday,12,6,0.67,225.54,6,9,2025-12-28,1
P01,Milk,Dairy,132.38,134.12,11.62,Thursday,70,49,0.68,7148.5199999999995,49,54,2025-12-29,0
P05,Chips,Snacks,115.29,118.81,2.77,Sunday,34,15,0.44,1729.3500000000001,16,15,2025-12-30,0
P05,Chips,Snacks,97.59,106.15,18.58,Saturday,64,55,0.67,5367.45,68,55,2025-12-31,0
P06,Eggs,Dairy,102.3,101.69,8.86,Tuesday,59,44,0.69,4501.2,54,44,2026-01-01,0
P04,Rice,Grains,124.57,128.87,11.86,Thursday,84,82,0.87,10588.449999999999,82,85,2026-01-02,0
P05,Chips,Snacks,128.27,125.52,17.27,Friday,96,87,0.86,12057.380000000001,87,94,2026-01-03,1
P05,Chips,Snacks,102.11,93.2,12.89,Wednesday,98,66,0.69,7045.59,66,69,2026-01-04,1
P04,Rice,Grains,55.79,48.91,12.72,Sunday,13,7,0.55,390.53,14,7,2026-01-05,0
P10,Biscuits,Snacks,46.54,37.39,11.59,Saturday,90,66,0.8,3350.88,66,72,2026-01-06,0
P03,Soap,Household,42.06,32.44,15.58,Thursday,68,49,0.72,2145.06,49,51,2026-01-07,0
P01,Milk,Dairy,128.96,135.02,19.22,Thursday,12,3,0.68,1289.6000000000001,3,10,2026-01-08,0
P08,Sugar,Grains,143.96,151.59,11.69,Tuesday,58,32,0.47,4606.72,43,32,2026-01-09,0
P06,Eggs,Dairy,139.77,141.43,11.86,Thursday,49,36,0.66,5031.72,42,36,2026-01-10,1
P07,Tea,Beverages,111.34,102.67,4.62,Monday,90,54,0.66,6235.04,54,56,2026-01-11,1
P07,Tea,Beverages,134.53,142.19,13.18,Monday,16,1,0.6,1479.83,1,11,2026-01-12,0
P09,Shampoo,Personal Care,146.9,150.57,7.51,Sunday,96,50,0.47,7345.0,60,50,2026-01-13,0
P02,Bread,Bakery,124.34,134.28,0.6,Wednesday,90,66,0.67,8206.44,75,66,2026-01-14,0
P08,Sugar,Grains,146.54,145.84,16.95,Monday,29,17,0.51,2491.18,19,17,2026-01-15,0
P08,Sugar,Grains,76.6,74.52,13.39,Wednesday,51,48,0.86,3676.7999999999997,53,48,2026-01-16,0
P03,Soap,Household,31.06,28.77,1.42,Sunday,67,29,0.44,900.74,31,29,2026-01-17,1
P08,Sugar,Grains,80.98,76.35,2.02,Tuesday,61,33,0.56,2672.34,36,33,2026-01-18,1
P05,Chips,Snacks,88.88,98.59,3.32,Thursday,81,43,0.56,4532.88,43,51,2026-01-19,0
P09,Shampoo,Personal Care,56.19,62.16,6.53,Saturday,17,3,0.43,449.52,3,8,2026-01-20,0
P01,Milk,Dairy,22.67,29.2,7.31,Thursday,45,36,0.7,816.1200000000001,43,36,2026-01-21,0
P04,Rice,Grains,28.13,22.34,16.18,Wednesday,91,50,0.51,1406.5,58,50,2026-01-22,0
P01,Milk,Dairy,132.41,125.51,1.65,Friday,11,2,0.8,1059.28,2,8,2026-01-23,0
P05,Chips,Snacks,111.87,114.21,3.12,Sunday,73,50,0.65,5593.5,54,50,2026-01-24,1
P09,Shampoo,Personal Care,85.72,78.6,12.48,Tuesday,69,42,0.59,3600.24,56,42,2026-01-25,1
P05,Chips,Snacks,30.7,29.89,6.13,Tuesday,66,41,0.73,1535.0,41,50,2026-01-26,0
P04,Rice,Grains,56.65,53.93,3.81,Sunday,98,62,0.64,3568.95,62,63,2026-01-27,0
P02,Bread,Bakery,106.74,112.28,17.24,Saturday,24,9,0.33,960.66,22,9,2026-01-28,0
P10,Biscuits,Snacks,36.43,37.68,15.3,Wednesday,49,29,0.52,1056.47,36,29,2026-01-29,0
P10,Biscuits,Snacks,45.37,45.16,14.83,Saturday,72,52,0.64,2359.24,54,52,2026-01-30,0
P08,Sugar,Grains,109.32,112.48,2.34,Sunday,57,26,0.54,3498.24,26,32,2026-01-31,1
P02,Bread,Bakery,62.67,61.75,15.25,Monday,71,68,0.84,4261.56,80,68,2026-02-01,1
P02,Bread,Bakery,135.68,142.04,10.2,Sunday,86,65,0.65,8819.2,78,65,2026-02-02,0
P04,Rice,Grains,83.65,86.54,4.6,Tuesday,48,34,0.86,3680.6000000000004,34,44,2026-02-03,0
P09,Shampoo,Personal Care,116.41,112.0,2.63,Thursday,62,28,0.47,3259.48,39,28,2026-02-04,0
P05,Chips,Snacks,48.43,42.09,16.51,Wednesday,31,12,0.66,1065.46,12,22,2026-02-05,0
P02,Bread,Bakery,94.96,96.14,7.42,Wednesday,15,8,0.52,759.68,15,8,2026-02-06,0
P08,Sugar,Grains,123.71,121.06,1.74,Wednesday,58,42,0.74,5195.82,46,42,2026-02-07,1
P01,Milk,Dairy,94.52,91.27,19.77,Saturday,50,26,0.45,2457.52,32,26,2026-02-08,1
P07,Tea,Beverages,87.61,88.05,11.78,Friday,13,4,0.3,350.44,4,4,2026-02-09,0
P04,Rice,Grains,133.19,139.04,12.55,Saturday,86,45,0.44,5993.55,55,45,2026-02-10,0
P06,Eggs,Dairy,54.5,55.59,3.99,Saturday,33,20,0.59,1090.0,34,20,2026-02-11,0
P01,Milk,Dairy,139.7,130.5,5.83,Sunday,17,13,0.85,1816.1,24,13,2026-02-12,0
P08,Sugar,Grains,122.16,123.96,0.13,Wednesday,37,28,0.76,3420.48,34,28,2026-02-13,0
P07,Tea,Beverages,40.08,39.83,8.6,Tuesday,26,20,0.72,801.5999999999999,22,20,2026-02-14,1
P02,Bread,Bakery,141.57,139.09,14.16,Thursday,91,30,0.4,5662.799999999999,30,40,2026-02-15,1
P02,Bread,Bakery,23.96,18.05,6.81,Monday,49,12,0.44,503.16,12,21,2026-02-16,0
P08,Sugar,Grains,107.1,106.47,15.47,Wednesday,62,21,0.33,2463.2999999999997,21,23,2026-02-17,0
P01,Milk,Dairy,24.54,25.56,8.76,Wednesday,63,54,0.9,1521.48,54,62,2026-02-18,0
P07,Tea,Beverages,123.48,128.55,4.31,Tuesday,41,4,0.33,1728.72,4,14,2026-02-19,0
P08,Sugar,Grains,114.2,106.43,12.17,Sunday,81,71,0.85,8108.2,81,71,2026-02-20,0
P03,Soap,Household,110.43,112.65,4.0,Wednesday,20,13,0.64,1435.5900000000001,18,13,2026-02-21,1
P09,Shampoo,Personal Care,104.7,98.92,11.13,Thursday,94,62,0.64,6491.400000000001,74,62,2026-02-22,1
P03,Soap,Household,140.79,138.54,1.32,Tuesday,46,29,0.75,4786.86,29,34,2026-02-23,0
P02,Bread,Bakery,76.04,67.79,5.66,Thursday,20,9,0.48,684.36,15,9,2026-02-24,0
P08,Sugar,Grains,63.19,59.07,0.83,Saturday,37,17,0.66,1453.37,17,23,2026-02-25,0
P07,Tea,Beverages,104.94,98.79,5.91,Thursday,47,34,0.87,4197.6,34,40,2026-02-26,0
P09,Shampoo,Personal Care,135.03,139.81,5.55,Friday,52,23,0.5,3780.84,23,28,2026-02-27,0
P03,Soap,Household,79.23,82.79,10.86,Friday,69,62,0.89,5546.1,62,70,2026-02-28,1
P10,Biscuits,Snacks,60.54,57.34,1.58,Wednesday,37,16,0.46,968.64,26,16,2026-03-01,1
P08,Sugar,Grains,64.64,71.33,18.71,Friday,81,88,0.86,5688.32,100,88,2026-03-02,0
P10,Biscuits,Snacks,78.87,72.84,3.3,Monday,25,11,0.73,1340.79,11,17,2026-03-03,0
P06,Eggs,Dairy,55.48,52.31,8.98,Friday,43,18,0.41,998.64,28,18,2026-03-04,0
P04,Rice,Grains,20.65,11.85,18.1,Sunday,29,17,0.75,474.95,17,23,2026-03-05,0
P03,Soap,Household,95.13,103.22,16.35,Wednesday,67,71,0.86,6849.36,71,72,2026-03-06,0
P02,Bread,Bakery,121.95,121.2,17.3,Friday,53,32,0.55,4024.35,32,33,2026-03-07,1
P10,Biscuits,Snacks,72.31,80.0,17.91,Monday,96,58,0.48,4193.9800000000005,66,58,2026-03-08,1
P02,Bread,Bakery,58.85,50.99,8.8,Wednesday,75,30,0.41,1765.5,36,30,2026-03-09,0
P02,Bread,Bakery,64.47,63.07,16.62,Tuesday,95,43,0.4,2772.21,53,43,2026-03-10,0
P04,Rice,Grains,83.16,75.5,13.64,Monday,61,47,0.74,3908.52,50,47,2026-03-11,0
P09,Shampoo,Personal Care,102.19,103.86,7.8,Friday,79,70,0.84,7357.68,70,72,2026-03-12,0
P01,Milk,Dairy,64.71,69.37,13.17,Saturday,27,11,0.36,711.81,14,11,2026-03-13,0
P06,Eggs,Dairy,133.49,133.95,13.99,Thursday,49,20,0.54,4004.7000000000003,20,30,2026-03-14,1
P04,Rice,Grains,62.48,52.7,16.53,Thursday,70,56,0.77,3498.8799999999997,64,56,2026-03-15,1
P05,Chips,Snacks,32.84,24.35,7.23,Friday,68,59,0.89,1937.5600000000002,61,59,2026-03-16,0
P03,Soap,Household,47.91,39.25,11.9,Monday,74,54,0.72,2587.14,56,54,2026-03-17,0
P01,Milk,Dairy,100.2,107.47,4.46,Saturday,48,14,0.4,2104.2000000000003,14,21,2026-03-18,0
P05,Chips,Snacks,93.84,89.77,18.77,Friday,63,29,0.55,3659.76,29,39,2026-03-19,0
P10,Biscuits,Snacks,123.16,113.8,15.64,Thursday,65,34,0.51,4187.44,40,34,2026-03-20,0
P08,Sugar,Grains,26.55,17.61,13.84,Sunday,64,25,0.43,743.4,25,28,2026-03-21,1
P06,Eggs,Dairy,148.63,150.12,2.76,Tuesday,63,46,0.84,8174.65,46,55,2026-03-22,1
P08,Sugar,Grains,116.87,108.4,17.92,Wednesday,89,46,0.52,5726.63,46,49,2026-03-23,0
P09,Shampoo,Personal Care,124.74,121.3,4.18,Friday,26,16,0.8,2494.7999999999997,16,20,2026-03-24,0
P03,Soap,Household,66.58,74.84,11.31,Saturday,23,5,0.53,932.12,5,14,2026-03-25,0
P05,Chips,Snacks,125.09,131.56,7.69,Monday,40,22,0.48,2751.98,33,22,2026-03-26,0
P07,Tea,Beverages,141.23,133.6,18.67,Saturday,58,34,0.55,4801.82,45,34,2026-03-27,0
P08,Sugar,Grains,98.22,106.96,6.24,Tuesday,15,0,0.4,589.3199999999999,0,6,2026-03-28,1
P09,Shampoo,Personal Care,105.33,114.75,11.24,Wednesday,23,22,0.81,2317.2599999999998,29,22,2026-03-29,1
P10,Biscuits,Snacks,49.12,43.9,10.25,Friday,72,64,0.86,3143.68,65,64,2026-03-30,0
P06,Eggs,Dairy,106.03,97.57,7.09,Thursday,44,13,0.54,2438.69,13,23,2026-03-31,0
P02,Bread,Bakery,128.37,134.66,12.24,Monday,26,26,0.84,3337.62,37,26,2026-04-01,0
P01,Milk,Dairy,145.09,143.97,15.0,Tuesday,79,63,0.71,9140.67,64,63,2026-04-02,0
P04,Rice,Grains,105.56,96.96,7.91,Tuesday,77,41,0.63,4961.32,41,47,2026-04-03,0
P08,Sugar,Grains,23.79,31.93,3.13,Friday,99,44,0.4,1046.76,58,44,2026-04-04,1
P07,Tea,Beverages,134.31,135.45,4.63,Friday,33,30,0.88,4029.3,36,30,2026-04-05,1
P01,Milk,Dairy,54.1,50.36,16.73,Sunday,80,77,0.86,4165.7,82,77,2026-04-06,0
P09,Shampoo,Personal Care,139.13,141.84,12.6,Saturday,39,33,0.75,4591.29,37,33,2026-04-07,0
P07,Tea,Beverages,89.07,92.62,8.57,Friday,69,44,0.57,3919.08,56,44,2026-04-08,0
P01,Milk,Dairy,136.17,139.33,0.16,Wednesday,65,54,0.81,7353.179999999999,58,54,2026-04-09,0
P03,Soap,Household,76.07,73.65,18.3,Tuesday,41,20,0.56,1977.8199999999997,20,26,2026-04-10,0
P06,Eggs,Dairy,52.44,53.39,5.49,Wednesday,83,56,0.64,2936.64,66,56,2026-04-11,1
P07,Tea,Beverages,62.28,53.07,5.44,Friday,20,13,0.73,809.64,16,13,2026-04-12,1
P04,Rice,Grains,110.57,107.06,4.68,Saturday,92,38,0.51,5196.79,38,47,2026-04-13,0
P06,Eggs,Dairy,107.24,113.35,18.94,Thursday,93,62,0.53,6648.88,62,62,2026-04-14,0
P07,Tea,Beverages,100.51,99.6,15.6,Sunday,18,13,0.66,1306.63,21,13,2026-04-15,0
P09,Shampoo,Personal Care,105.74,109.5,2.41,Monday,82,31,0.41,3700.8999999999996,31,35,2026-04-16,0
P08,Sugar,Grains,100.96,95.41,6.14,Thursday,96,47,0.55,5249.92,47,52,2026-04-17,0
P01,Milk,Dairy,40.83,34.25,8.36,Sunday,34,17,0.78,1061.58,17,26,2026-04-18,1
P09,Shampoo,Personal Care,114.15,117.96,6.81,Wednesday,50,13,0.33,2054.7000000000003,13,18,2026-04-19,1
P02,Bread,Bakery,40.75,37.46,1.54,Friday,84,25,0.31,1018.75,32,25,2026-04-20,0
P10,Biscuits,Snacks,128.54,138.03,2.71,Saturday,73,29,0.47,4884.5199999999995,29,38,2026-04-21,0
P10,Biscuits,Snacks,56.1,46.82,18.54,Thursday,84,49,0.55,2748.9,56,49,2026-04-22,0
P08,Sugar,Grains,21.26,28.42,14.62,Monday,25,9,0.31,191.34,13,9,2026-04-23,0
P08,Sugar,Grains,122.36,118.49,0.81,Monday,85,42,0.52,5139.12,50,42,2026-04-24,0
P06,Eggs,Dairy,93.61,83.74,1.24,Monday,36,14,0.73,2153.03,14,23,2026-04-25,1
P02,Bread,Bakery,55.29,63.37,7.49,Friday,55,26,0.42,1437.54,35,26,2026-04-26,1
P04,Rice,Grains,32.12,30.33,3.27,Sunday,72,31,0.43,995.7199999999999,45,31,2026-04-27,0
P02,Bread,Bakery,49.39,55.74,18.61,Monday,89,42,0.42,2321.33,42,47,2026-04-28,0
P06,Eggs,Dairy,26.57,29.1,5.75,Sunday,32,4,0.43,371.98,4,14,2026-04-29,0
P01,Milk,Dairy,117.82,108.85,9.85,Saturday,46,34,0.74,4005.8799999999997,47,34,2026-04-30,0
P03,Soap,Household,82.97,86.85,11.06,Friday,86,63,0.64,5227.11,67,63,2026-05-01,0
P07,Tea,Beverages,124.71,129.91,3.08,Sunday,29,23,0.74,2868.33,35,23,2026-05-02,1
P03,Soap,Household,65.05,63.2,2.51,Saturday,27,7,0.33,520.4,7,8,2026-05-03,1
P06,Eggs,Dairy,24.51,22.35,13.94,Tuesday,22,11,0.45,269.61,19,11,2026-05-04,0
P10,Biscuits,Snacks,146.88,143.78,6.75,Monday,45,17,0.37,2496.96,23,17,2026-05-05,0
P08,Sugar,Grains,34.45,37.41,17.5,Monday,88,79,0.8,2928.2500000000005,79,85,2026-05-06,0
P02,Bread,Bakery,107.5,113.99,7.94,Thursday,29,16,0.69,2472.5,16,23,2026-05-07,0
P09,Shampoo,Personal Care,89.57,81.21,0.7,Sunday,53,16,0.35,1522.6899999999998,16,17,2026-05-08,0
P06,Eggs,Dairy,149.04,142.16,19.77,Saturday,28,12,0.4,1788.48,25,12,2026-05-09,1
P09,Shampoo,Personal Care,65.73,70.96,10.14,Wednesday,40,21,0.47,1380.3300000000002,27,21,2026-05-10,1
P06,Eggs,Dairy,80.8,83.19,8.22,Tuesday,11,7,0.67,646.4,7,8,2026-05-11,0
P06,Eggs,Dairy,106.5,106.51,12.9,Tuesday,48,46,0.86,4899.0,52,46,2026-05-12,0
P05,Chips,Snacks,109.58,116.05,11.12,Wednesday,13,10,0.66,1095.8,19,10,2026-05-13,0
P03,Soap,Household,88.07,83.14,9.42,Thursday,84,78,0.9,6869.459999999999,91,78,2026-05-14,0
P08,Sugar,Grains,58.23,52.44,15.31,Saturday,11,1,0.66,407.60999999999996,1,7,2026-05-15,0
P05,Chips,Snacks,86.51,77.73,5.76,Saturday,59,30,0.7,3373.8900000000003,30,39,2026-05-16,1
P09,Shampoo,Personal Care,130.1,126.59,13.53,Thursday,63,40,0.66,5854.5,40,45,2026-05-17,1
P09,Shampoo,Personal Care,108.73,110.24,8.58,Tuesday,47,20,0.39,2174.6,30,20,2026-05-18,0
P05,Chips,Snacks,22.39,21.67,18.86,Wednesday,86,62,0.7,1589.69,62,71,2026-05-19,0
P02,Bread,Bakery,104.79,99.81,13.01,Wednesday,31,12,0.37,1257.48,14,12,2026-05-20,0
P04,Rice,Grains,111.18,103.45,19.94,Monday,41,26,0.59,2890.6800000000003,26,26,2026-05-21,0
P03,Soap,Household,140.75,137.39,9.31,Wednesday,82,58,0.67,8163.5,58,58,2026-05-22,0
P08,Sugar,Grains,124.88,131.72,9.65,Monday,75,49,0.56,6119.12,54,49,2026-05-23,1
P07,Tea,Beverages,91.26,84.75,5.92,Wednesday,40,30,0.78,2737.8,30,30,2026-05-24,1
P02,Bread,Bakery,71.72,77.84,11.84,Tuesday,93,70,0.64,5020.4,78,70,2026-05-25,0
P05,Chips,Snacks,85.04,76.43,1.8,Saturday,27,9,0.38,765.36,13,9,2026-05-26,0
P07,Tea,Beverages,124.03,131.29,3.01,Thursday,79,63,0.73,7813.89,77,63,2026-05-27,0
P05,Chips,Snacks,58.14,58.65,13.96,Tuesday,65,58,0.78,3372.12,70,58,2026-05-28,0
P04,Rice,Grains,107.93,111.52,18.92,Sunday,76,42,0.45,4533.06,54,42,2026-05-29,0
P02,Bread,Bakery,118.32,109.95,18.49,Saturday,30,22,0.68,2603.04,27,22,2026-05-30,1
P03,Soap,Household,97.15,87.47,14.58,Saturday,25,21,0.84,2040.15,21,21,2026-05-31,1
P03,Soap,Household,128.84,121.39,2.53,Saturday,24,8,0.36,1030.72,19,8,2026-06-01,0
P09,Shampoo,Personal Care,128.1,136.47,13.0,Tuesday,36,23,0.54,2946.2999999999997,28,23,2026-06-02,0
P02,Bread,Bakery,114.76,120.36,2.36,Wednesday,40,18,0.49,2409.96,18,21,2026-06-03,0
P05,Chips,Snacks,92.07,85.03,1.84,Friday,41,24,0.81,2854.1699999999996,24,31,2026-06-04,0
P09,Shampoo,Personal Care,144.49,145.8,10.29,Tuesday,79,66,0.79,9969.810000000001,66,69,2026-06-05,0
P04,Rice,Grains,69.93,73.26,19.78,Friday,98,57,0.53,4475.52,57,64,2026-06-06,1
P08,Sugar,Grains,82.41,75.17,1.62,Thursday,48,40,0.89,3296.3999999999996,53,40,2026-06-07,1
P10,Biscuits,Snacks,77.73,78.37,17.47,Tuesday,29,22,0.65,1710.0600000000002,36,22,2026-06-08,0
P03,Soap,Household,125.62,122.16,6.11,Sunday,90,46,0.59,6783.4800000000005,46,54,2026-06-09,0
P03,Soap,Household,131.74,133.59,13.89,Friday,42,25,0.68,4347.42,25,33,2026-06-10,0
P04,Rice,Grains,36.68,38.25,13.87,Friday,29,25,0.75,917.0,32,25,2026-06-11,0
P08,Sugar,Grains,133.47,133.47,14.6,Friday,54,47,0.77,6273.09,55,47,2026-06-12,0
P03,Soap,Household,107.58,112.93,6.15,Wednesday,62,54,0.78,5809.32,62,54,2026-06-13,1
P03,Soap,Household,50.23,44.75,11.02,Tuesday,99,37,0.36,1858.51,47,37,2026-06-14,1
P08,Sugar,Grains,82.2,83.91,10.83,Saturday,29,16,0.69,1808.4,16,22,2026-06-15,0
P09,Shampoo,Personal Care,128.21,137.72,9.48,Friday,64,33,0.44,4230.93,40,33,2026-06-16,0
P08,Sugar,Grains,102.91,109.31,0.83,Monday,52,24,0.46,2572.75,24,25,2026-06-17,0
P03,Soap,Household,71.89,73.86,13.06,Thursday,74,75,0.89,5391.75,86,75,2026-06-18,0
P07,Tea,Beverages,90.82,83.53,17.87,Monday,16,11,0.68,999.02,21,11,2026-06-19,0
P01,Milk,Dairy,80.6,74.4,14.03,Sunday,21,6,0.52,886.5999999999999,6,11,2026-06-20,1
P03,Soap,Household,138.47,128.89,6.32,Monday,22,6,0.76,2215.52,6,16,2026-06-21,1
P08,Sugar,Grains,111.27,107.9,13.51,Friday,84,73,0.86,8790.33,73,79,2026-06-22,0
P07,Tea,Beverages,107.89,104.03,7.4,Tuesday,96,74,0.77,8199.64,74,76,2026-06-23,0
P02,Bread,Bakery,61.34,62.93,6.91,Saturday,34,12,0.34,736.08,13,12,2026-06-24,0
P05,Chips,Snacks,64.11,64.23,3.24,Tuesday,39,24,0.6,1538.6399999999999,27,24,2026-06-25,0
P02,Bread,Bakery,33.82,26.1,18.82,Tuesday,54,12,0.37,710.22,12,21,2026-06-26,0
P07,Tea,Beverages,134.83,133.13,7.75,Sunday,56,39,0.67,5258.370000000001,45,39,2026-06-27,1
P02,Bread,Bakery,79.47,77.41,9.11,Wednesday,98,90,0.86,7152.3,93,90,2026-06-28,1
P02,Bread,Bakery,104.34,113.43,3.03,Saturday,19,9,0.46,939.0600000000001,11,9,2026-06-29,0
P06,Eggs,Dairy,88.28,80.5,17.36,Thursday,42,15,0.38,1500.76,15,17,2026-06-30,0
P05,Chips,Snacks,70.93,64.18,14.69,Wednesday,52,40,0.72,2837.2000000000003,54,40,2026-07-01,0
P08,Sugar,Grains,47.94,38.78,7.27,Tuesday,70,44,0.65,2109.3599999999997,48,44,2026-07-02,0
P01,Milk,Dairy,64.91,70.97,10.81,Monday,52,39,0.64,2531.49,53,39,2026-07-03,0
P10,Biscuits,Snacks,138.04,135.97,5.93,Sunday,25,16,0.64,2208.64,27,16,2026-07-04,1
P02,Bread,Bakery,133.09,130.52,12.29,Monday,48,45,0.86,5989.05,49,45,2026-07-05,1
P08,Sugar,Grains,118.17,119.9,16.57,Sunday,39,22,0.49,2599.7400000000002,35,22,2026-07-06,0
P09,Shampoo,Personal Care,122.88,131.2,7.2,Sunday,99,54,0.47,6635.5199999999995,54,54,2026-07-07,0
P01,Milk,Dairy,142.31,134.8,17.5,Thursday,96,52,0.5,7400.12,57,52,2026-07-08,0
P05,Chips,Snacks,71.24,73.31,16.03,Sunday,28,20,0.61,1424.8,26,20,2026-07-09,0
P08,Sugar,Grains,95.48,104.2,13.45,Wednesday,42,13,0.39,1909.6000000000001,13,20,2026-07-10,0
P05,Chips,Snacks,122.17,124.53,6.84,Monday,30,0,0.31,1221.7,0,10,2026-07-11,1
P04,Rice,Grains,49.47,50.81,7.03,Friday,11,5,0.69,395.76,5,8,2026-07-12,1
P06,Eggs,Dairy,69.52,60.61,11.99,Saturday,52,30,0.58,2085.6,36,30,2026-07-13,0
P01,Milk,Dairy,117.78,125.89,16.71,Saturday,20,12,0.8,2355.6,12,20,2026-07-14,0
P02,Bread,Bakery,96.44,93.5,16.0,Tuesday,31,15,0.43,1446.6,24,15,2026-07-15,0
P08,Sugar,Grains,141.6,140.92,8.91,Tuesday,94,55,0.55,7788.0,59,55,2026-07-16,0
P02,Bread,Bakery,144.53,145.35,12.1,Tuesday,60,46,0.68,6648.38,50,46,2026-07-17,0
P10,Biscuits,Snacks,94.31,88.01,1.19,Friday,96,70,0.77,6601.7,83,70,2026-07-18,1
P09,Shampoo,Personal Care,56.84,63.58,10.86,Monday,24,19,0.68,1079.96,30,19,2026-07-19,1
P10,Biscuits,Snacks,21.6,14.46,14.85,Friday,38,21,0.53,453.6,24,21,2026-07-20,0
P02,Bread,Bakery,26.65,24.61,10.23,Thursday,28,25,0.83,666.25,37,25,2026-07-21,0
P07,Tea,Beverages,55.18,49.06,9.49,Saturday,60,20,0.34,1103.6,23,20,2026-07-22,0
P07,Tea,Beverages,29.25,30.73,11.32,Wednesday,18,12,0.63,351.0,25,12,2026-07-23,0
P05,Chips,Snacks,144.77,135.74,1.96,Friday,50,29,0.84,5501.26,29,38,2026-07-24,0
P02,Bread,Bakery,88.24,87.26,6.61,Tuesday,89,76,0.81,6706.24,78,76,2026-07-25,1
P08,Sugar,Grains,58.56,50.1,3.4,Friday,90,66,0.78,3864.96,69,66,2026-07-26,1
P09,Shampoo,Personal Care,118.38,121.99,3.32,Friday,32,30,0.89,3551.3999999999996,43,30,2026-07-27,0
P08,Sugar,Grains,108.96,117.94,2.85,Saturday,22,8,0.35,871.68,16,8,2026-07-28,0
P02,Bread,Bakery,57.17,60.62,3.4,Tuesday,60,28,0.5,1829.44,28,32,2026-07-29,0
P08,Sugar,Grains,119.58,117.85,13.06,Saturday,77,27,0.41,4185.3,27,35,2026-07-30,0
P06,Eggs,Dairy,32.8,41.93,11.99,Tuesday,89,95,0.88,3115.9999999999995,99,95,2026-07-31,0
P06,Eggs,Dairy,34.92,34.73,3.39,Friday,29,12,0.41,419.04,24,12,2026-08-01,1
P02,Bread,Bakery,123.68,127.23,10.94,Wednesday,56,54,0.85,6678.72,57,54,2026-08-02,1
P09,Shampoo,Personal Care,29.46,25.07,7.0,Wednesday,84,69,0.81,2032.74,69,69,2026-08-03,0
P01,Milk,Dairy,62.24,65.99,19.23,Monday,54,28,0.43,1742.72,32,28,2026-08-04,0
P09,Shampoo,Personal Care,71.91,70.1,19.56,Monday,32,11,0.31,791.01,13,11,2026-08-05,0
P07,Tea,Beverages,45.32,51.53,5.45,Saturday,69,50,0.65,2266.0,57,50,2026-08-06,0
P10,Biscuits,Snacks,128.24,134.32,17.33,Sunday,58,57,0.87,7950.880000000001,57,62,2026-08-07,0
P05,Chips,Snacks,135.72,138.77,9.19,Thursday,47,20,0.54,3800.16,20,28,2026-08-08,1
P01,Milk,Dairy,87.55,97.48,2.7,Sunday,44,26,0.54,2276.2999999999997,34,26,2026-08-09,1
P09,Shampoo,Personal Care,37.29,30.46,18.99,Friday,94,58,0.56,2162.82,62,58,2026-08-10,0
P01,Milk,Dairy,36.58,34.76,7.09,Saturday,73,56,0.74,2048.48,70,56,2026-08-11,0
P09,Shampoo,Personal Care,111.09,112.87,18.77,Sunday,27,21,0.65,2332.89,33,21,2026-08-12,0
P01,Milk,Dairy,40.99,40.42,11.07,Wednesday,54,19,0.43,1024.75,19,25,2026-08-13,0
P09,Shampoo,Personal Care,28.99,35.54,5.09,Sunday,16,12,0.77,376.87,12,13,2026-08-14,0
P03,Soap,Household,93.31,88.53,13.9,Monday,66,51,0.78,5132.05,51,55,2026-08-15,1
P03,Soap,Household,115.55,117.75,9.76,Friday,96,52,0.49,6008.599999999999,66,52,2026-08-16,1
P05,Chips,Snacks,138.55,129.77,13.88,Friday,75,36,0.47,4987.8,42,36,2026-08-17,0
P10,Biscuits,Snacks,20.84,20.76,5.71,Tuesday,47,13,0.35,354.28,13,17,2026-08-18,0
P01,Milk,Dairy,61.43,53.52,2.57,Wednesday,33,9,0.32,552.87,20,9,2026-08-19,0
P08,Sugar,Grains,112.87,110.1,2.51,Saturday,44,36,0.84,4063.32,37,36,2026-08-20,0
P10,Biscuits,Snacks,45.52,35.97,17.23,Saturday,98,50,0.49,2276.0,64,50,2026-08-21,0
P02,Bread,Bakery,101.51,107.68,12.23,Tuesday,63,63,0.85,6395.13,69,63,2026-08-22,1
P03,Soap,Household,94.38,88.0,5.38,Monday,64,33,0.53,3114.54,35,33,2026-08-23,1
P02,Bread,Bakery,76.68,78.56,11.79,Friday,79,60,0.67,4600.8,69,60,2026-08-24,0
P05,Chips,Snacks,30.6,22.36,3.44,Saturday,39,27,0.73,826.2,41,27,2026-08-25,0
P01,Milk,Dairy,95.27,85.56,7.21,Thursday,24,5,0.53,1143.24,5,12,2026-08-26,0
P07,Tea,Beverages,132.25,128.43,5.87,Wednesday,90,27,0.31,3703.0,27,28,2026-08-27,0
P04,Rice,Grains,39.99,47.71,9.17,Sunday,29,18,0.78,1039.74,18,26,2026-08-28,0
P07,Tea,Beverages,135.17,141.49,0.38,Wednesday,83,36,0.43,5136.459999999999,36,38,2026-08-29,1
P05,Chips,Snacks,37.28,40.05,6.39,Saturday,18,7,0.38,260.96000000000004,9,7,2026-08-30,1
P05,Chips,Snacks,20.12,28.18,0.49,Sunday,45,29,0.6,583.48,36,29,2026-08-31,0
P08,Sugar,Grains,107.74,102.52,15.16,Thursday,61,40,0.61,4309.599999999999,44,40,2026-09-01,0
P08,Sugar,Grains,108.46,117.09,12.41,Tuesday,73,54,0.69,6616.0599999999995,54,61,2026-09-02,0
P02,Bread,Bakery,141.49,137.56,15.64,Tuesday,98,42,0.39,5942.58,46,42,2026-09-03,0
P10,Biscuits,Snacks,62.71,53.8,3.65,Thursday,34,23,0.74,1442.33,34,23,2026-09-04,0
P02,Bread,Bakery,94.76,88.9,10.09,Sunday,67,18,0.39,2558.52,18,27,2026-09-05,1
P03,Soap,Household,46.86,43.13,12.72,Friday,95,55,0.54,2577.3,59,55,2026-09-06,1
P01,Milk,Dairy,54.99,48.96,15.67,Thursday,97,81,0.8,4619.16,81,84,2026-09-07,0
P03,Soap,Household,123.36,119.83,15.3,Monday,23,7,0.41,1233.6,7,10,2026-09-08,0
P07,Tea,Beverages,144.32,141.85,6.78,Monday,98,85,0.84,12267.199999999999,91,85,2026-09-09,0
P04,Rice,Grains,54.76,61.01,1.65,Monday,89,75,0.79,4107.0,76,75,2026-09-10,0
P10,Biscuits,Snacks,133.81,129.86,17.17,Thursday,36,31,0.77,4148.11,39,31,2026-09-11,0
P03,Soap,Household,55.58,63.82,1.95,Sunday,15,10,0.71,611.38,10,11,2026-09-12,1
P10,Biscuits,Snacks,63.11,63.12,12.91,Saturday,35,15,0.45,1072.87,15,17,2026-09-13,1
P02,Bread,Bakery,59.79,51.06,3.54,Friday,70,19,0.38,1494.75,19,25,2026-09-14,0
P01,Milk,Dairy,143.81,140.39,13.25,Thursday,68,53,0.79,8340.98,53,58,2026-09-15,0
P04,Rice,Grains,142.95,139.21,17.17,Wednesday,18,18,0.89,2573.1,27,18,2026-09-16,0
P07,Tea,Beverages,97.72,89.36,12.94,Monday,44,28,0.82,3615.64,28,37,2026-09-17,0
P07,Tea,Beverages,41.95,33.02,14.35,Tuesday,89,75,0.81,3146.25,88,75,2026-09-18,0
P05,Chips,Snacks,69.84,63.21,16.73,Friday,42,18,0.41,1257.1200000000001,20,18,2026-09-19,1
P03,Soap,Household,113.65,113.87,12.09,Monday,57,46,0.8,5796.150000000001,46,51,2026-09-20,1
P04,Rice,Grains,127.84,132.03,2.11,Wednesday,23,11,0.7,2173.28,11,17,2026-09-21,0
P06,Eggs,Dairy,110.61,107.87,17.59,Monday,33,14,0.38,1548.54,28,14,2026-09-22,0
P03,Soap,Household,99.56,95.69,6.52,Thursday,88,69,0.88,7865.24,69,79,2026-09-23,0
P08,Sugar,Grains,108.29,110.92,5.41,Friday,12,8,0.68,866.32,18,8,2026-09-24,0
P04,Rice,Grains,132.25,124.9,19.55,Sunday,70,29,0.38,3835.25,40,29,2026-09-25,0
P02,Bread,Bakery,21.39,22.28,19.52,Friday,71,38,0.45,812.82,48,38,2026-09-26,1
